id,product_name,description,category,price,discount_percentage,rating,stock,brand,sku,weight,warranty_information,shipping_information,availability_status,return_policy,minimum_order_quantity
1,Switchable tertiary methodology,Fish window smile information often. Economy yeah better establish. Son glass prepare air voice reduce. Send other again analysis alone social bring.,smartphones,570.47,25.36,3.28,49,Acosta Group,SKU-00001,2.94,1 year warranty,Ships in 3-5 business days,In Stock,30 days,3
2,Phased needs-based encryption,Score bed six they outside employee big. Involve adult local return start surface result situation. Serve accept staff baby individual including.,smartphones,291.95,15.16,3.7,82,Ibarra Group,SKU-00002,4.79,1 year warranty,Ships in 3-5 business days,In Stock,30 days,7
3,Open-source system-worthy secured line,Relationship make program window throw. Middle program center hope television enter feel.,laptops,957.42,11.34,3.28,49,Jennings and Sons,SKU-00003,6.62,1 year warranty,Ships in 3-5 business days,In Stock,30 days,1
4,Switchable bandwidth-monitored pricing structure,"Million how every contain test box. Generation claim standard thank. Able challenge fly pay official eye minute.
Population kid cut of discover nor.",audio,632.21,1.62,1.53,50,"Nelson, Smith and Barber",SKU-00004,1.16,1 year warranty,Ships in 3-5 business days,In Stock,30 days,1
5,Function-based coherent Local Area Network,Evening run mouth fear air. Provide mission hospital hold. Its fund public few already trip. Me strong nation might happen environmental room enter.,tablets,284.65,3.04,4.31,100,Flowers LLC,SKU-00005,8.66,1 year warranty,Ships in 3-5 business days,In Stock,30 days,1
6,Enhanced explicit concept,Individual assume realize company item customer least. Outside investment despite east suddenly art.,laptops,645.62,1.71,3.6,42,Lopez LLC,SKU-00006,2.4,1 year warranty,Ships in 3-5 business days,In Stock,30 days,6
7,Configurable attitude-oriented instruction set,Well risk head international. Indeed strategy technology leave Congress fine lose red.,smartphones,428.02,28.0,4.54,50,Weeks PLC,SKU-00007,2.43,1 year warranty,Ships in 3-5 business days,In Stock,30 days,4
8,Adaptive composite budgetary management,Miss success left beat apply money school.,smartphones,248.22,11.37,2.97,19,"Harrington, Davis and Cruz",SKU-00008,6.03,1 year warranty,Ships in 3-5 business days,In Stock,30 days,10
9,Re-contextualized bifurcated application,Stay thus morning size resource. White character today president improve style fund.,smartphones,555.33,28.54,1.73,41,"Owens, Steele and Henry",SKU-00009,6.66,1 year warranty,Ships in 3-5 business days,In Stock,30 days,7
10,Balanced object-oriented support,"Happy tough play consumer ready just.
Else audience part prepare accept decide room. Improve growth speech with day. Try black age ahead good.",tablets,623.19,10.14,3.76,34,Flores-Marquez,SKU-00010,9.28,1 year warranty,Ships in 3-5 business days,In Stock,30 days,7
11,Networked didactic protocol,Must while cold public police force end. Group case these table tend significant.,smartphones,701.66,9.21,2.11,24,Coleman-Mullen,SKU-00011,1.65,1 year warranty,Ships in 3-5 business days,In Stock,30 days,8
12,Sharable mobile analyzer,Soldier difference network on. Person senior off political. Walk try child general job cultural. Issue close society feeling.,tablets,562.71,14.3,4.13,68,Cunningham Ltd,SKU-00012,1.71,1 year warranty,Ships in 3-5 business days,In Stock,30 days,6
13,Open-architected bandwidth-monitored neural-net,Pattern be college five long century charge. Realize field care national.,accessories,160.75,4.82,2.29,5,Garcia-Lynch,SKU-00013,1.25,1 year warranty,Ships in 3-5 business days,In Stock,30 days,5
14,Adaptive homogeneous orchestration,General people source player street. Speech treatment as outside sign artist concern. American board herself foot.,accessories,42.15,28.06,2.48,89,"Jones, Reid and Paul",SKU-00014,6.86,1 year warranty,Ships in 3-5 business days,In Stock,30 days,8
15,Innovative background Local Area Network,Matter security single not represent fund lead. Continue break artist peace.,smartphones,49.95,22.9,4.26,42,Russell LLC,SKU-00015,2.65,1 year warranty,Ships in 3-5 business days,In Stock,30 days,1
16,Versatile stable projection,Against week whatever top walk base difficult. Think arm red information myself enough.,accessories,647.32,11.62,4.01,63,Richards Inc,SKU-00016,2.09,1 year warranty,Ships in 3-5 business days,In Stock,30 days,8
17,Grass-roots systemic database,Charge similar far pressure research left. Detail management respond set finally generation.,smartphones,158.85,17.78,2.51,18,"Lewis, Maldonado and Watkins",SKU-00017,2.08,1 year warranty,Ships in 3-5 business days,In Stock,30 days,10
18,Fundamental grid-enabled parallelism,Study how parent measure. Point music democratic hope foreign another management. Special price happy better big. Coach mother entire mind moment.,tablets,298.26,20.49,4.55,30,Li LLC,SKU-00018,9.94,1 year warranty,Ships in 3-5 business days,In Stock,30 days,3
19,Face-to-face systematic core,Performance memory police. Perform you before trade would reflect. Store very though unit within side. Respond decide local south country process.,tablets,337.41,18.59,1.0,38,"Moss, Mason and Sanchez",SKU-00019,5.29,1 year warranty,Ships in 3-5 business days,In Stock,30 days,3
20,Grass-roots exuding throughput,"And democratic laugh offer suddenly add. Write real gun both investment.
Surface business open protect add she.",tablets,824.81,19.86,3.25,9,"Jackson, Smith and Nelson",SKU-00020,5.83,1 year warranty,Ships in 3-5 business days,In Stock,30 days,10
21,Extended cohesive concept,Yes the scientist third half simple beyond red. Represent daughter bring article. About half describe from skill.,audio,760.47,12.58,1.31,14,Becker-Torres,SKU-00021,9.18,1 year warranty,Ships in 3-5 business days,In Stock,30 days,7
22,Virtual maximized Graphical User Interface,Song fish reach traditional because. Great bill would everyone foot admit. Detail air only politics read.,smartphones,118.53,22.31,3.99,17,Murray LLC,SKU-00022,2.45,1 year warranty,Ships in 3-5 business days,In Stock,30 days,6
23,Seamless clear-thinking functionalities,Adult student mission place thus. Total environment happen can safe. Use deep finish officer over meet than.,tablets,517.72,13.1,1.17,43,Baker PLC,SKU-00023,7.28,1 year warranty,Ships in 3-5 business days,In Stock,30 days,6
24,Multi-layered asymmetric synergy,Lawyer what collection fund toward tough. Drug leader effect in over. Method paper model oil when next join.,accessories,930.53,24.24,4.22,94,Leon-Cross,SKU-00024,4.06,1 year warranty,Ships in 3-5 business days,In Stock,30 days,7
25,Customizable attitude-oriented website,Heart brother show Congress. They hair low report staff. Thought thought value situation write.,laptops,424.93,6.44,3.27,5,"Velasquez, Green and Bennett",SKU-00025,3.47,1 year warranty,Ships in 3-5 business days,In Stock,30 days,8
26,Secured 4thgeneration hub,Wrong his resource include hit. Note yes fine resource seven play American no. Central Mr without investment within to by.,laptops,599.34,20.24,3.81,7,Nguyen-Davis,SKU-00026,0.67,1 year warranty,Ships in 3-5 business days,In Stock,30 days,1
27,Monitored real-time focus group,Actually some report. Mother center street information sport type management threat. South sound less point position pretty.,audio,657.19,12.34,1.15,15,"Ortiz, Banks and Young",SKU-00027,4.54,1 year warranty,Ships in 3-5 business days,In Stock,30 days,5
28,Fully-configurable holistic workforce,Or thus leader visit floor rather.,smartphones,580.27,27.56,3.7,22,Taylor PLC,SKU-00028,3.35,1 year warranty,Ships in 3-5 business days,In Stock,30 days,9
29,Fundamental discrete instruction set,Customer avoid rock sign. Serious specific newspaper seat chair by even.,laptops,399.79,21.89,2.69,31,"Morris, Lawrence and Johnson",SKU-00029,9.02,1 year warranty,Ships in 3-5 business days,In Stock,30 days,7
30,User-centric user-facing leverage,Grow talk choose reflect. Keep teacher hard certainly. Art their assume recognize hope. Already meet fall stay color test.,tablets,378.83,0.31,1.66,75,Maynard PLC,SKU-00030,3.37,1 year warranty,Ships in 3-5 business days,In Stock,30 days,2
31,Ameliorated clear-thinking moderator,Expect beat budget still room. Spend development enough standard candidate trouble my believe. Various catch step impact recently huge.,laptops,601.52,5.52,2.31,75,Wilson and Sons,SKU-00031,1.14,1 year warranty,Ships in 3-5 business days,In Stock,30 days,6
32,Extended composite software,Media but discussion million west foreign. Find community scientist day middle. Management answer century base.,accessories,432.74,22.05,2.95,32,Nguyen Group,SKU-00032,3.86,1 year warranty,Ships in 3-5 business days,In Stock,30 days,1
33,Self-enabling executive intranet,"Writer cover end a become identify. Quality forward goal hold minute.
Agent woman model. Hope hear sense student.",laptops,408.33,14.32,1.62,87,Gonzalez-Nelson,SKU-00033,7.45,1 year warranty,Ships in 3-5 business days,In Stock,30 days,10
34,Phased mobile interface,"Low big himself culture. Understand do process why seven fine stay.
Measure consumer study answer focus than. Speak at fast mention once degree.",laptops,468.62,19.31,1.97,75,Bennett-Barker,SKU-00034,4.11,1 year warranty,Ships in 3-5 business days,In Stock,30 days,8
35,User-friendly secondary leverage,Practice positive plan book. Minute Mr weight keep there discover why foot. Coach open other behind fast direction list.,accessories,735.18,21.57,1.37,21,Pena-Casey,SKU-00035,1.23,1 year warranty,Ships in 3-5 business days,In Stock,30 days,4
36,Seamless optimal adapter,Different above score rock. Report beautiful short let deep month home.,smartphones,423.76,15.48,4.69,39,Bowers Inc,SKU-00036,8.23,1 year warranty,Ships in 3-5 business days,In Stock,30 days,4
37,Expanded responsive architecture,"Bar cover baby no turn capital necessary. Picture who story matter become maybe blood thank.
Leave effort remain policy. Center action about.",laptops,660.98,24.28,1.74,64,Gutierrez Ltd,SKU-00037,4.99,1 year warranty,Ships in 3-5 business days,In Stock,30 days,2
38,Function-based optimizing circuit,"Skin its instead to treatment perform.
Important develop ready seek arrive. Call catch want record ability cause especially. Very agree town this.",smartphones,203.06,24.91,3.84,71,Anderson-Barnes,SKU-00038,3.0,1 year warranty,Ships in 3-5 business days,In Stock,30 days,2
39,Upgradable leadingedge infrastructure,Institution move job myself top sometimes party.,accessories,192.64,2.64,3.84,39,Payne Group,SKU-00039,9.3,1 year warranty,Ships in 3-5 business days,In Stock,30 days,1
40,Total actuating model,Effort serve kid impact able arm. Perform hit up main. Successful reason pattern.,audio,430.98,23.64,3.33,93,Sherman-Hill,SKU-00040,4.95,1 year warranty,Ships in 3-5 business days,In Stock,30 days,5
41,Object-based web-enabled website,"Idea recent skill culture letter ready.
Feeling different public art. Little part more air likely member especially.",laptops,426.19,17.6,4.06,3,"Hart, Glover and Atkinson",SKU-00041,8.46,1 year warranty,Ships in 3-5 business days,In Stock,30 days,8
42,Diverse discrete architecture,Since professional bill food fund. Begin apply as despite science. Seat leg responsibility.,laptops,197.11,16.98,2.99,8,"Hamilton, Taylor and Wilson",SKU-00042,4.42,1 year warranty,Ships in 3-5 business days,In Stock,30 days,10
43,Pre-emptive multi-state algorithm,"Certain gun popular respond class heart. Training knowledge down camera spring. Research various night yard would together.
Voice foot kind.",accessories,800.51,14.69,3.05,75,Perez LLC,SKU-00043,8.41,1 year warranty,Ships in 3-5 business days,In Stock,30 days,10
44,Pre-emptive multi-tasking open system,"Look impact town ready fire.
Lay cup present box alone need never. Chance side situation free however adult. Describe drop color soldier spring.",tablets,980.71,1.98,1.39,45,Miller-Hahn,SKU-00044,9.8,1 year warranty,Ships in 3-5 business days,In Stock,30 days,3
45,Optimized bifurcated forecast,Save opportunity resource prepare nothing during eye full. Record statement eye. Two action sound energy until animal.,laptops,153.96,3.44,4.5,25,"Salazar, Alexander and Vang",SKU-00045,9.74,1 year warranty,Ships in 3-5 business days,In Stock,30 days,9
46,Balanced encompassing open architecture,Nice near doctor child. Ball recent no computer performance factor.,smartphones,732.55,29.54,4.93,9,Patterson LLC,SKU-00046,2.28,1 year warranty,Ships in 3-5 business days,In Stock,30 days,10
47,Future-proofed bi-directional emulation,Maybe since rock resource majority movie bag. Know leader program mission decide.,laptops,557.47,0.99,3.57,10,Cline-Wood,SKU-00047,3.69,1 year warranty,Ships in 3-5 business days,In Stock,30 days,9
48,Front-line human-resource emulation,Region federal response should head similar political. Enough spring possible perform stop lay local.,audio,93.37,0.56,2.11,27,Harrison-Murphy,SKU-00048,3.43,1 year warranty,Ships in 3-5 business days,In Stock,30 days,4
49,Mandatory clear-thinking hub,"Meeting against poor stage. These adult effort statement.
Television commercial just camera. Agency suffer recent him get.",tablets,400.87,8.42,2.44,98,Long-Pena,SKU-00049,9.05,1 year warranty,Ships in 3-5 business days,In Stock,30 days,3
50,Function-based heuristic benchmark,These method anything cold more lose. Avoid boy decision national start reduce list. East all clearly special discussion exactly need.,tablets,10.52,1.72,4.06,7,Murray and Sons,SKU-00050,0.22,1 year warranty,Ships in 3-5 business days,In Stock,30 days,8
51,Customer-focused full-range superstructure,Thousand that tend away. Senior most question inside. Year spend question concern turn.,laptops,340.48,9.82,2.68,82,Wallace Ltd,SKU-00051,0.91,1 year warranty,Ships in 3-5 business days,In Stock,30 days,7
52,Team-oriented system-worthy encoding,Another population cultural toward little. Arm quite natural bag hand glass future. Daughter safe bring necessary arm big.,smartphones,556.89,2.13,2.09,43,Taylor-Perez,SKU-00052,1.03,1 year warranty,Ships in 3-5 business days,In Stock,30 days,4
53,Down-sized neutral installation,"Share bar certainly leader long doctor thus.
Catch reality data join share sea design. Drug lay executive less thus travel.",accessories,292.88,18.31,1.96,96,Jones-Bauer,SKU-00053,1.79,1 year warranty,Ships in 3-5 business days,In Stock,30 days,6
54,Face-to-face actuating infrastructure,Control international surface reflect garden point. Attorney he her voice stand probably. Whose develop glass that sea yes.,smartphones,103.94,28.73,1.73,65,Harper PLC,SKU-00054,8.73,1 year warranty,Ships in 3-5 business days,In Stock,30 days,10
55,Focused 5thgeneration encoding,Issue assume best. Prove hospital direction those together great. May ground behavior sea.,smartphones,830.6,26.77,4.6,42,"Mercado, Rodgers and Nash",SKU-00055,5.18,1 year warranty,Ships in 3-5 business days,In Stock,30 days,6
56,Up-sized cohesive knowledgebase,Future either think tough serious. Security dark quite production commercial best list. National might only produce. Forward buy range guess this.,accessories,361.89,24.02,1.7,37,"Hickman, Vega and Wood",SKU-00056,1.48,1 year warranty,Ships in 3-5 business days,In Stock,30 days,6
57,Right-sized holistic product,Traditional tax article lead six always. City film his teach else way say civil.,laptops,11.71,10.43,3.23,33,Holland LLC,SKU-00057,5.56,1 year warranty,Ships in 3-5 business days,In Stock,30 days,9
58,Multi-layered intangible middleware,Make in sense best. Parent bill fast note view. Per degree ten Congress north share receive.,laptops,946.6,13.56,2.73,57,Little Inc,SKU-00058,8.37,1 year warranty,Ships in 3-5 business days,In Stock,30 days,10
59,Synchronized web-enabled capability,"Cultural hair media plant name on.
Family never character after. Feeling any two generation sign plan.
He design report worry continue above pay.",audio,558.9,9.92,1.9,85,Hunt Inc,SKU-00059,5.55,1 year warranty,Ships in 3-5 business days,In Stock,30 days,4
60,Multi-lateral eco-centric hub,Enter only kitchen move can. Fund specific owner war. Truth site high hold interesting nature.,tablets,44.13,25.65,3.15,58,Koch Inc,SKU-00060,6.96,1 year warranty,Ships in 3-5 business days,In Stock,30 days,3
61,Polarized explicit complexity,Anything indicate think anyone. House federal buy employee mother past think.,laptops,871.89,5.4,2.93,68,"Mora, Jackson and Mason",SKU-00061,1.1,1 year warranty,Ships in 3-5 business days,In Stock,30 days,5
62,Visionary incremental architecture,Live bring for person sister subject. Home if amount. Trial public these late.,smartphones,492.17,16.93,3.67,24,Raymond Ltd,SKU-00062,5.4,1 year warranty,Ships in 3-5 business days,In Stock,30 days,10
63,Synergized non-volatile standardization,Receive threat boy bring finally nothing. Late increase something change of. Its family send.,smartphones,193.51,28.92,2.53,35,"Baker, Ramirez and Gillespie",SKU-00063,9.34,1 year warranty,Ships in 3-5 business days,In Stock,30 days,1
64,Self-enabling fault-tolerant access,Address administration such arrive crime. Social myself hair trial know Republican pass. Team father control happen together pull now technology.,audio,458.75,17.8,1.76,58,Evans-Cochran,SKU-00064,1.71,1 year warranty,Ships in 3-5 business days,In Stock,30 days,1
65,Front-line 3rdgeneration software,"Author push purpose expect.
Customer special whole painting hold. Grow each so tree with detail.",laptops,262.36,22.32,3.04,16,"Riley, Williams and Cooke",SKU-00065,0.71,1 year warranty,Ships in 3-5 business days,In Stock,30 days,4
66,Down-sized user-facing utilization,Care feeling example peace. Article against high recent everyone stage rock. Future American free season how baby right.,smartphones,785.31,22.67,1.98,11,Williams and Sons,SKU-00066,5.32,1 year warranty,Ships in 3-5 business days,In Stock,30 days,7
67,Advanced multi-tasking time-frame,Peace speak see minute lead light. Light environmental list woman carry marriage bar.,accessories,715.35,20.27,3.94,51,Browning-Taylor,SKU-00067,2.92,1 year warranty,Ships in 3-5 business days,In Stock,30 days,5
68,Expanded user-facing migration,Ready individual ground simple her debate. Pull model product detail.,laptops,893.93,6.66,2.91,74,Russell Group,SKU-00068,0.51,1 year warranty,Ships in 3-5 business days,In Stock,30 days,2
69,Fully-configurable client-server application,And pattern impact another large involve firm. Provide near short across car.,laptops,122.63,5.47,2.41,12,Harrison-Sandoval,SKU-00069,1.16,1 year warranty,Ships in 3-5 business days,In Stock,30 days,2
70,De-engineered neutral toolset,Walk piece ok wide. Produce could however vote off hit explain. Own treat individual.,tablets,917.04,16.39,4.14,43,"Parrish, Anderson and Randall",SKU-00070,6.44,1 year warranty,Ships in 3-5 business days,In Stock,30 days,8
71,Configurable full-range groupware,Force high radio reach. Control yourself move evening show whether agree peace. Help could half condition involve.,smartphones,576.02,21.76,4.85,9,Clark-Brooks,SKU-00071,5.96,1 year warranty,Ships in 3-5 business days,In Stock,30 days,4
72,Team-oriented exuding core,"Along exist about travel large just.
Daughter detail quickly month. Best stay very try. Director born policy not.",tablets,595.13,27.18,4.19,7,Bailey-Potter,SKU-00072,9.8,1 year warranty,Ships in 3-5 business days,In Stock,30 days,6
73,Optimized high-level migration,Go available size still late determine.,accessories,346.76,27.42,1.95,83,Perez-Bruce,SKU-00073,6.71,1 year warranty,Ships in 3-5 business days,In Stock,30 days,6
74,Multi-channeled intangible matrix,Hundred support data charge bad answer work country. Draw personal cut most. Difference agree avoid understand hear family.,smartphones,33.47,5.07,2.14,15,"Murphy, Anderson and Reed",SKU-00074,8.6,1 year warranty,Ships in 3-5 business days,In Stock,30 days,9
75,Sharable empowering migration,"Note third court. Each hard whether minute room.
Finally team miss newspaper. Memory card successful avoid son manage.",laptops,441.1,2.41,4.16,23,"Castro, Smith and Moore",SKU-00075,1.37,1 year warranty,Ships in 3-5 business days,In Stock,30 days,6
76,Digitized fresh-thinking help-desk,Hand offer push focus growth that able on. Born type alone him network fine before.,tablets,806.21,19.3,4.13,7,Sullivan-Fowler,SKU-00076,5.4,1 year warranty,Ships in 3-5 business days,In Stock,30 days,5
77,Open-architected leadingedge firmware,"Lot power tell glass.
Rule shake news would speech. Want general song only black can mouth door. Business stuff shoulder body.",accessories,778.14,20.42,2.87,49,Moore-Burton,SKU-00077,6.84,1 year warranty,Ships in 3-5 business days,In Stock,30 days,10
78,Total incremental application,Involve wide join none. Quite deal authority within. Service feel by forward many share.,tablets,183.76,10.85,2.07,0,"Coleman, Torres and Foster",SKU-00078,7.75,1 year warranty,Ships in 3-5 business days,In Stock,30 days,5
79,Polarized asynchronous contingency,Claim star every value stop. Environmental south collection ability protect read. Full better executive alone agency account like ask.,smartphones,906.27,30.0,3.92,19,Ellis Group,SKU-00079,6.96,1 year warranty,Ships in 3-5 business days,In Stock,30 days,7
80,Front-line local forecast,Positive actually wear drive. Control part economic toward. Test positive wall know.,accessories,306.28,14.02,3.36,35,"Howard, Marks and Peters",SKU-00080,2.44,1 year warranty,Ships in 3-5 business days,In Stock,30 days,5
81,Profit-focused impactful ability,City skin section their important good blue toward. Gas class cut democratic radio remain. State appear police audience great finally.,laptops,733.5,10.29,3.06,53,Chambers-Woodard,SKU-00081,6.85,1 year warranty,Ships in 3-5 business days,In Stock,30 days,1
82,Stand-alone incremental policy,Human star move body war size relate should. Law form Republican visit human around and. Catch local understand occur. Law maintain network.,smartphones,457.28,18.22,4.7,52,Lewis-Page,SKU-00082,7.38,1 year warranty,Ships in 3-5 business days,In Stock,30 days,6
83,Triple-buffered holistic functionalities,Key score all idea those parent school event.,accessories,742.65,15.31,2.24,91,"Franco, Marshall and Hahn",SKU-00083,2.73,1 year warranty,Ships in 3-5 business days,In Stock,30 days,7
84,Business-focused maximized implementation,Industry activity and city age. Majority boy soldier take trip. Trade even big government room.,laptops,518.52,13.29,3.64,2,Morton-Garcia,SKU-00084,0.74,1 year warranty,Ships in 3-5 business days,In Stock,30 days,5
85,Multi-layered impactful database,"Budget claim light fine.
Little true knowledge win question major. Along idea upon them thank guy. Mind factor with spring.",audio,501.06,24.47,2.51,94,"Adams, Becker and Chandler",SKU-00085,6.89,1 year warranty,Ships in 3-5 business days,In Stock,30 days,3
86,Streamlined bifurcated Graphical User Interface,Here that leave old reduce growth American. Let stock why new development. Mean on long nearly eight just.,smartphones,656.24,13.61,3.1,45,"Brewer, Richardson and Foster",SKU-00086,0.48,1 year warranty,Ships in 3-5 business days,In Stock,30 days,1
87,Advanced encompassing contingency,"Happy store citizen. War east measure sound poor campaign.
Field nothing girl.",accessories,563.33,26.41,4.42,11,Sanchez Inc,SKU-00087,5.36,1 year warranty,Ships in 3-5 business days,In Stock,30 days,10
88,Triple-buffered bandwidth-monitored moratorium,"Contain tonight clearly general best people. Light reach difficult foot very century themselves.
Season lay little wife act. Hundred various law.",accessories,627.25,23.22,4.17,12,"Ray, Dougherty and Spence",SKU-00088,2.49,1 year warranty,Ships in 3-5 business days,In Stock,30 days,6
89,Extended stable migration,Hour baby wall pass world risk available. Us success west number relate. Theory less language theory at fine manager once.,laptops,126.18,21.97,3.2,83,Davis LLC,SKU-00089,9.0,1 year warranty,Ships in 3-5 business days,In Stock,30 days,9
90,Ergonomic 4thgeneration function,Some rest write listen suffer must contain. Decade social writer. Society business fight arrive stand million.,audio,459.63,22.29,1.23,68,"Simmons, Johnson and Phillips",SKU-00090,4.96,1 year warranty,Ships in 3-5 business days,In Stock,30 days,8
91,Innovative neutral extranet,Them then land across believe skill create. Since free along difference audience form far.,laptops,955.56,22.95,3.53,47,Smith and Sons,SKU-00091,4.83,1 year warranty,Ships in 3-5 business days,In Stock,30 days,8
92,Focused reciprocal conglomeration,Industry you lose radio. President author great. Protect market head page fire economic daughter.,laptops,749.04,10.76,3.88,53,Rhodes PLC,SKU-00092,2.14,1 year warranty,Ships in 3-5 business days,In Stock,30 days,8
93,Decentralized national process improvement,Thing guess writer head sort will partner role.,tablets,558.26,17.08,3.65,79,Thomas-Boyd,SKU-00093,4.18,1 year warranty,Ships in 3-5 business days,In Stock,30 days,9
94,Proactive multi-tasking analyzer,"Side participant visit allow service force development million. Rest relationship anything party million. Sit word world.
Away style record.",tablets,354.99,0.3,1.55,91,"Moss, Dixon and Alvarez",SKU-00094,0.96,1 year warranty,Ships in 3-5 business days,In Stock,30 days,3
95,Face-to-face web-enabled product,Trip operation scene tonight seat pass. Attack anyone ahead candidate line approach. Statement risk property short shake.,accessories,25.66,15.21,2.44,96,Carter LLC,SKU-00095,5.24,1 year warranty,Ships in 3-5 business days,In Stock,30 days,2
96,Enterprise-wide human-resource collaboration,Only stuff those war natural night. The owner phone full.,smartphones,839.37,2.93,2.42,77,Santiago PLC,SKU-00096,6.33,1 year warranty,Ships in 3-5 business days,In Stock,30 days,3
97,Decentralized bifurcated knowledge user,We popular positive green him argue do indeed. Upon recently director take yet.,audio,140.72,1.41,3.16,12,"Cook, Nguyen and Brooks",SKU-00097,4.34,1 year warranty,Ships in 3-5 business days,In Stock,30 days,3
98,Reduced encompassing infrastructure,Than nor work in. Agency him care agency clearly former decision. Hear carry crime once. Poor only bed itself organization thought.,accessories,553.12,6.97,1.03,33,Miller-Daugherty,SKU-00098,2.69,1 year warranty,Ships in 3-5 business days,In Stock,30 days,5
99,Streamlined modular matrix,Month mouth color western. Cold drug voice business listen safe current.,accessories,230.84,14.22,3.53,76,Jones-Garrett,SKU-00099,3.92,1 year warranty,Ships in 3-5 business days,In Stock,30 days,1
100,Proactive fresh-thinking neural-net,Contain plant feel history dog account morning subject. Stop lawyer lot movie mouth security. Star risk home herself letter kid tonight.,laptops,872.78,19.1,2.54,6,Phelps PLC,SKU-00100,5.98,1 year warranty,Ships in 3-5 business days,In Stock,30 days,10
101,Team-oriented exuding customer loyalty,American across remember ever learn myself here. Interest why compare role form. Son final wife where peace.,accessories,794.1,4.61,3.4,85,Robinson LLC,SKU-00101,6.29,1 year warranty,Ships in 3-5 business days,In Stock,30 days,1
102,Centralized uniform concept,Financial production relationship interview region throughout. Trade seven compare give much center floor.,laptops,302.18,17.87,4.21,50,Wong-Kelly,SKU-00102,8.33,1 year warranty,Ships in 3-5 business days,In Stock,30 days,4
103,Customer-focused transitional benchmark,Every lot such specific. Position approach own reveal. Sea know situation magazine wonder piece. Reach true bad glass successful movie.,tablets,602.9,23.24,3.4,50,Garcia Group,SKU-00103,2.42,1 year warranty,Ships in 3-5 business days,In Stock,30 days,5
104,Customer-focused real-time throughput,Huge about could soldier social by. Quality discover that someone star foot wife. Again sense store.,laptops,354.8,15.44,2.41,63,"Reyes, Phillips and Carr",SKU-00104,1.56,1 year warranty,Ships in 3-5 business days,In Stock,30 days,7
105,Reverse-engineered systematic capacity,Yes tough individual stuff they. Work under hear guess themselves. Itself knowledge plant east probably continue.,tablets,187.28,9.0,4.52,96,Wong-Long,SKU-00105,1.6,1 year warranty,Ships in 3-5 business days,In Stock,30 days,1
106,Quality-focused even-keeled budgetary management,Common west town generation. Trip remain simply.,laptops,191.54,25.04,3.21,64,Hill-Villarreal,SKU-00106,9.62,1 year warranty,Ships in 3-5 business days,In Stock,30 days,2
107,Face-to-face 3rdgeneration toolset,Alone learn provide. Market tax economy stay community majority minute. Leg room less truth always dinner.,tablets,213.45,28.01,2.23,93,Woods-Mitchell,SKU-00107,8.46,1 year warranty,Ships in 3-5 business days,In Stock,30 days,8
108,Balanced eco-centric projection,Must capital production here. Meet learn name opportunity. Building federal sort close certainly.,accessories,879.39,8.4,3.45,16,Taylor-Clark,SKU-00108,2.74,1 year warranty,Ships in 3-5 business days,In Stock,30 days,4
109,Multi-layered 4thgeneration interface,Effort visit sure history sound. You mission explain draw staff. Almost two way.,laptops,167.8,15.46,1.34,53,"Pace, Montoya and Payne",SKU-00109,9.48,1 year warranty,Ships in 3-5 business days,In Stock,30 days,3
110,Proactive multimedia portal,"Outside war occur coach meet white fund. Tv behavior there white forget.
With body safe sit finally seem. Act son radio value.",tablets,30.32,17.82,1.47,72,Ross-Richardson,SKU-00110,0.98,1 year warranty,Ships in 3-5 business days,In Stock,30 days,7
111,Total heuristic hierarchy,Idea among interview but partner when its. Form sing mission senior admit religious south win. Teacher than again animal.,audio,256.39,24.71,3.35,55,Charles Group,SKU-00111,4.53,1 year warranty,Ships in 3-5 business days,In Stock,30 days,10
112,Re-engineered composite software,Safe these bad reach door season. Two task east well despite.,laptops,137.46,4.71,3.43,84,"Ramirez, Booth and Brown",SKU-00112,5.52,1 year warranty,Ships in 3-5 business days,In Stock,30 days,7
113,Cross-group content-based model,"Explain within hold. Few animal against to plan matter. Box avoid he past another culture address.
Sport bring beat clearly kitchen.",smartphones,467.39,13.43,1.53,0,Mcbride Inc,SKU-00113,3.93,1 year warranty,Ships in 3-5 business days,In Stock,30 days,7
114,Compatible multimedia ability,"Voice southern clearly simply computer probably room. Billion get nation good land.
Name consider bad. During and those keep.",smartphones,993.81,21.89,3.06,12,Haley Group,SKU-00114,6.68,1 year warranty,Ships in 3-5 business days,In Stock,30 days,5
115,Advanced neutral synergy,Already return entire where song. New world up. Continue call member food such do market. Cold indicate parent notice that north career east.,laptops,149.37,27.26,3.32,16,Bush-Rodriguez,SKU-00115,2.93,1 year warranty,Ships in 3-5 business days,In Stock,30 days,8
116,Fundamental fresh-thinking concept,"Save college at about. Education station much he make. Be of air which.
Radio bar these firm enough in relate. Occur though herself government.",audio,247.43,28.36,4.08,24,Arnold LLC,SKU-00116,3.7,1 year warranty,Ships in 3-5 business days,In Stock,30 days,7
117,Multi-layered web-enabled algorithm,Avoid sell pay drug name impact suggest. Popular per left realize. Wait side term financial consider push material.,accessories,681.31,11.99,1.7,2,Lyons-Flores,SKU-00117,9.15,1 year warranty,Ships in 3-5 business days,In Stock,30 days,7
118,Switchable tangible customer loyalty,Always so entire everybody officer consider financial. Politics stay air son concern two close.,tablets,408.72,25.04,3.97,15,"Shaw, Lucas and Lane",SKU-00118,2.04,1 year warranty,Ships in 3-5 business days,In Stock,30 days,10
119,Balanced 24hour extranet,"Guy compare bag standard peace onto begin structure. Miss hard across generation have edge also.
Well generation expert test much we.",tablets,17.95,9.87,4.49,41,"Hardy, Rodgers and Lee",SKU-00119,1.32,1 year warranty,Ships in 3-5 business days,In Stock,30 days,2
120,Total optimizing task-force,"Peace model network worry. Officer could risk single yourself such.
Town seek religious piece.",laptops,101.59,8.72,4.47,20,Johnson-Collins,SKU-00120,2.21,1 year warranty,Ships in 3-5 business days,In Stock,30 days,2
121,Public-key disintermediate functionalities,By about energy improve son record. Daughter interest particularly type red current. Bar truth it case agency.,accessories,470.74,15.06,4.15,89,Nelson Inc,SKU-00121,5.01,1 year warranty,Ships in 3-5 business days,In Stock,30 days,2
122,Public-key eco-centric service-desk,"Kind example wrong kid herself age. Yet enough partner machine.
Own property short quite. Upon bag security. Move spend partner evening practice.",accessories,744.17,28.06,3.73,64,"Gallagher, Edwards and Cook",SKU-00122,0.94,1 year warranty,Ships in 3-5 business days,In Stock,30 days,8
123,Streamlined scalable encryption,"Agent stock discover politics suggest cultural. Wife staff left discover subject.
Want establish stop seek.",tablets,512.03,10.71,4.69,63,Padilla LLC,SKU-00123,1.75,1 year warranty,Ships in 3-5 business days,In Stock,30 days,5
124,Open-architected next generation monitoring,"Significant away doctor degree nothing order. Business have brother trip add.
They effort expert.
Music yourself ahead and door.",smartphones,421.39,1.98,2.06,44,Wagner-Mcpherson,SKU-00124,9.29,1 year warranty,Ships in 3-5 business days,In Stock,30 days,8
125,Progressive zero-defect interface,"Couple friend avoid market. Forward public fast leg particularly interest.
Listen official some soon try. Believe career thus mother.",laptops,821.91,17.29,3.97,45,Howell-Tate,SKU-00125,2.38,1 year warranty,Ships in 3-5 business days,In Stock,30 days,2
126,Stand-alone attitude-oriented superstructure,"Instead people section eye person.
Final she around office goal structure. House feel beautiful plant.",laptops,387.82,28.32,1.59,73,Rodriguez-Mullins,SKU-00126,9.17,1 year warranty,Ships in 3-5 business days,In Stock,30 days,1
127,Function-based stable functionalities,Political serve travel carry camera.,audio,936.15,7.21,3.55,72,"Harris, Smith and Pollard",SKU-00127,0.48,1 year warranty,Ships in 3-5 business days,In Stock,30 days,2
128,Diverse heuristic emulation,Together a southern physical hand. Church improve hand soon thousand modern enough. Former four add.,tablets,206.43,0.95,4.92,86,Smith-Kelly,SKU-00128,2.44,1 year warranty,Ships in 3-5 business days,In Stock,30 days,7
129,Vision-oriented motivating process improvement,Rise employee population what often buy body strategy. Recently human down responsibility.,audio,937.26,9.97,4.9,66,Solis-Young,SKU-00129,3.62,1 year warranty,Ships in 3-5 business days,In Stock,30 days,2
130,Reduced fresh-thinking support,Major recently administration by. From stand officer campaign.,audio,202.08,28.23,4.72,59,Henry and Sons,SKU-00130,0.79,1 year warranty,Ships in 3-5 business days,In Stock,30 days,2
131,Profit-focused tangible capacity,Data baby within letter through. Into son later course. Of hot save where research bed appear you.,accessories,196.54,0.85,4.02,18,"Burgess, Carter and Cruz",SKU-00131,9.02,1 year warranty,Ships in 3-5 business days,In Stock,30 days,5
132,Fundamental 24hour process improvement,Where first treat character run. Week else themselves.,tablets,971.22,24.9,1.53,66,Washington-Miranda,SKU-00132,1.56,1 year warranty,Ships in 3-5 business days,In Stock,30 days,9
133,Reactive incremental monitoring,Tough view throughout act. What produce age fear authority smile staff audience. Represent between prevent you trial popular watch.,audio,907.59,24.67,2.62,16,Newman Ltd,SKU-00133,7.76,1 year warranty,Ships in 3-5 business days,In Stock,30 days,3
134,De-engineered tangible open architecture,Choice list recent personal agreement. General rule window feeling life suggest control.,smartphones,386.9,25.46,3.61,11,Dunn-Winters,SKU-00134,2.07,1 year warranty,Ships in 3-5 business days,In Stock,30 days,6
135,Customer-focused next generation framework,Understand ability technology radio goal. Edge rock stuff area to identify also. Close international art game dog thank list keep.,laptops,364.11,18.74,2.68,11,Parker PLC,SKU-00135,0.51,1 year warranty,Ships in 3-5 business days,In Stock,30 days,2
136,Open-architected web-enabled frame,"Stock both pay serve magazine there. Base organization serious executive.
Maintain scientist past report. Especially management nation.",laptops,966.55,19.97,1.02,38,Davis-Marquez,SKU-00136,6.97,1 year warranty,Ships in 3-5 business days,In Stock,30 days,5
137,Adaptive bifurcated Graphical User Interface,Indicate movement ability blue side majority nothing account. Street produce yet difference pull one.,tablets,669.57,16.66,2.64,82,"Sanchez, Ward and Washington",SKU-00137,3.53,1 year warranty,Ships in 3-5 business days,In Stock,30 days,9
138,Distributed contextually-based toolset,"Better think unit west.
Artist cultural report painting still case itself. Past most manager simple mention too hear.",tablets,602.07,26.4,1.7,26,"Lindsey, Jenkins and Hardin",SKU-00138,9.98,1 year warranty,Ships in 3-5 business days,In Stock,30 days,8
139,Customer-focused zero tolerance circuit,"Bring prove back detail. Suggest win nor.
Watch until item make. Day worry experience also now control.",tablets,427.55,0.11,2.21,76,Bryant Group,SKU-00139,5.94,1 year warranty,Ships in 3-5 business days,In Stock,30 days,5
140,Quality-focused tangible open system,Lawyer argue off security might concern person. Old raise social else well.,tablets,120.15,21.18,4.81,29,Short LLC,SKU-00140,3.06,1 year warranty,Ships in 3-5 business days,In Stock,30 days,8
141,Inverse executive website,Relationship nothing mother result special. Family product use here side five. Call rule speak reveal.,tablets,546.46,18.42,3.76,10,May-Anderson,SKU-00141,1.68,1 year warranty,Ships in 3-5 business days,In Stock,30 days,4
142,Integrated transitional orchestration,Later here plan. Computer phone pay thus miss kind hope degree. Machine this person pass small.,smartphones,43.88,23.87,3.33,47,Hernandez Group,SKU-00142,5.34,1 year warranty,Ships in 3-5 business days,In Stock,30 days,8
143,Re-engineered fault-tolerant solution,"Western money someone how. Affect eat force century rate create trial above.
Why fire decide firm. Me choose painting go black trip couple.",tablets,451.55,9.84,4.7,94,Lindsey Group,SKU-00143,7.9,1 year warranty,Ships in 3-5 business days,In Stock,30 days,1
144,Cloned maximized knowledge user,"One official modern charge hope.
Foreign house financial baby.",tablets,131.97,11.62,2.64,69,Vega-Sparks,SKU-00144,3.63,1 year warranty,Ships in 3-5 business days,In Stock,30 days,9
145,Ameliorated client-driven concept,Visit under than close politics. Cost white old dinner space president.,laptops,162.5,24.16,2.31,52,Miller-Griffith,SKU-00145,2.97,1 year warranty,Ships in 3-5 business days,In Stock,30 days,10
146,Re-engineered background application,Skill several herself. Parent scientist success may consumer.,laptops,988.11,19.18,3.8,54,"Gill, Simmons and Gonzalez",SKU-00146,9.44,1 year warranty,Ships in 3-5 business days,In Stock,30 days,6
147,Reduced upward-trending open system,Edge pattern do herself summer data continue. Represent show develop theory. Decade sound strategy billion president similar world.,accessories,960.94,12.27,2.34,68,"Brandt, Hopkins and Smith",SKU-00147,3.12,1 year warranty,Ships in 3-5 business days,In Stock,30 days,10
148,Digitized full-range adapter,Large industry plant laugh western Mr despite media. Time set why remain. Thus pressure ok season human animal.,tablets,368.99,29.58,2.67,9,Soto-Marquez,SKU-00148,6.13,1 year warranty,Ships in 3-5 business days,In Stock,30 days,9
149,Triple-buffered stable monitoring,Bit nice action inside. Ten mother general green. Small story if tell.,accessories,594.49,15.24,4.02,26,Dixon-White,SKU-00149,9.53,1 year warranty,Ships in 3-5 business days,In Stock,30 days,3
150,Progressive needs-based hardware,Daughter pressure individual family nature what. In including north central.,tablets,817.07,25.15,4.24,87,"Gill, Smith and Burch",SKU-00150,3.02,1 year warranty,Ships in 3-5 business days,In Stock,30 days,8
151,Adaptive uniform budgetary management,Significant ready cause share else training difficult. Understand baby likely world standard federal.,audio,579.7,1.68,2.79,57,Morris and Sons,SKU-00151,1.88,1 year warranty,Ships in 3-5 business days,In Stock,30 days,7
152,Robust well-modulated function,Image officer community feeling ask marriage moment. Nation hour building shake. Available adult gas writer citizen.,accessories,97.9,3.06,4.29,52,Foster Inc,SKU-00152,2.16,1 year warranty,Ships in 3-5 business days,In Stock,30 days,6
153,Reverse-engineered regional customer loyalty,Voice phone born throughout toward. White say education until age agreement cup. She data build very. Simple method country machine despite brother.,accessories,139.95,20.3,2.12,79,Romero-Caldwell,SKU-00153,3.73,1 year warranty,Ships in 3-5 business days,In Stock,30 days,10
154,Multi-tiered bottom-line projection,"Field through discover garden.
Movement care security through respond. Often hundred whatever room sea drive account. Yes month next similar pretty.",laptops,937.84,7.82,3.46,43,Burton Inc,SKU-00154,2.14,1 year warranty,Ships in 3-5 business days,In Stock,30 days,6
155,Grass-roots content-based monitoring,Light know opportunity surface together top record water. Model especially ever. Take magazine specific type.,accessories,26.84,3.47,4.15,26,Calderon and Sons,SKU-00155,5.65,1 year warranty,Ships in 3-5 business days,In Stock,30 days,2
156,Open-source impactful intranet,Your drug budget stuff without Congress. Air billion happen charge.,laptops,517.51,5.75,4.65,70,"Holmes, Murray and Snyder",SKU-00156,2.29,1 year warranty,Ships in 3-5 business days,In Stock,30 days,6
157,Business-focused maximized workforce,Become south ask power number later actually. Expert record matter include. General yeah about deep. Down think skill same interest player sport.,laptops,686.3,14.64,1.61,19,Williams Inc,SKU-00157,6.14,1 year warranty,Ships in 3-5 business days,In Stock,30 days,8
158,Future-proofed eco-centric interface,Fight population trip if loss majority. Hot fact involve move. Three support second front family senior fly.,audio,119.8,14.15,3.13,69,Martinez-Blair,SKU-00158,7.69,1 year warranty,Ships in 3-5 business days,In Stock,30 days,1
159,Enhanced intermediate circuit,Civil example rich although month. Environmental admit improve action when particularly indeed.,accessories,457.7,16.6,4.38,53,Soto Ltd,SKU-00159,6.09,1 year warranty,Ships in 3-5 business days,In Stock,30 days,3
160,Versatile didactic software,Senior stock today foreign agree system road. Number could skill according after.,tablets,563.14,15.62,3.18,74,"Sanders, Jackson and Walker",SKU-00160,0.16,1 year warranty,Ships in 3-5 business days,In Stock,30 days,9
161,Secured local frame,Particularly store rock smile early exist week. South control plan lay bit.,accessories,243.26,26.77,4.54,1,"Parker, Gordon and Webster",SKU-00161,7.1,1 year warranty,Ships in 3-5 business days,In Stock,30 days,2
162,Stand-alone user-facing toolset,Agreement analysis these process where. Art establish simply common exactly simple rate. Help successful idea sense resource all.,smartphones,725.05,15.67,2.5,17,Ward-Ingram,SKU-00162,8.4,1 year warranty,Ships in 3-5 business days,In Stock,30 days,6
163,Reactive foreground circuit,Wind plant stay cup main phone issue. Professor relate none strong conference deep. Friend name for include improve.,tablets,657.85,15.57,2.91,49,Reed Group,SKU-00163,2.03,1 year warranty,Ships in 3-5 business days,In Stock,30 days,8
164,Front-line secondary workforce,Color Democrat conference marriage newspaper interest. Hand senior low push than. Him imagine energy message everybody fish nature.,laptops,107.65,1.12,3.76,78,"Lam, Diaz and Hernandez",SKU-00164,8.32,1 year warranty,Ships in 3-5 business days,In Stock,30 days,1
165,Persevering discrete array,"Office herself write painting. Billion relationship whose kitchen.
Send material real. Away themselves hot part road poor baby.",laptops,128.05,7.69,4.83,50,Hernandez and Sons,SKU-00165,1.16,1 year warranty,Ships in 3-5 business days,In Stock,30 days,5
166,Upgradable regional knowledgebase,"Me herself break behavior. Head energy bar prove cell probably manager.
Every affect really Congress two fly food. Way often national couple.",audio,421.99,25.24,1.21,33,Edwards-Jackson,SKU-00166,7.41,1 year warranty,Ships in 3-5 business days,In Stock,30 days,9
167,Exclusive fault-tolerant approach,"Message their number movie since close. Air low available dinner none.
Quickly fill TV two identify. Understand any yes good very next.",laptops,829.62,29.34,4.61,61,Ball-Wright,SKU-00167,4.41,1 year warranty,Ships in 3-5 business days,In Stock,30 days,7
168,Pre-emptive didactic support,Walk face leave interest ball provide management. Politics necessary professional. Material back mother into only today.,laptops,466.45,16.42,2.89,42,Davis Group,SKU-00168,1.59,1 year warranty,Ships in 3-5 business days,In Stock,30 days,7
169,Balanced foreground service-desk,Teacher country moment age skin strategy product control. Appear board hard around doctor hard fight.,smartphones,402.56,20.01,2.37,100,Goodman Ltd,SKU-00169,5.59,1 year warranty,Ships in 3-5 business days,In Stock,30 days,10
170,Sharable disintermediate benchmark,Staff test forward. Always put just PM follow. Team interest sense day future plant arm. Spend site lead want find when describe begin.,laptops,427.81,20.96,3.37,49,"Beasley, Stewart and Wong",SKU-00170,1.26,1 year warranty,Ships in 3-5 business days,In Stock,30 days,1
171,Triple-buffered client-server attitude,She born build week data. Try security picture minute bed impact. Occur exactly game religious successful.,laptops,752.38,25.65,3.58,76,"Jones, Bartlett and Velasquez",SKU-00171,2.53,1 year warranty,Ships in 3-5 business days,In Stock,30 days,10
172,Function-based national frame,Miss Congress might age. Better it choice chair prove magazine consumer. Challenge add court sister people establish.,smartphones,961.18,20.18,3.46,15,Morales Ltd,SKU-00172,0.24,1 year warranty,Ships in 3-5 business days,In Stock,30 days,7
173,Fundamental multi-state emulation,"Month discussion drop ever TV. Road me see reveal treatment.
Board mouth thousand dog PM stop culture.",accessories,988.54,21.52,1.68,48,"Allen, Anderson and Andrews",SKU-00173,1.95,1 year warranty,Ships in 3-5 business days,In Stock,30 days,3
174,Extended bottom-line Local Area Network,Prove institution letter. Trial arrive state sometimes lot.,tablets,112.4,23.91,4.18,91,Bullock Inc,SKU-00174,6.77,1 year warranty,Ships in 3-5 business days,In Stock,30 days,4
175,Down-sized upward-trending instruction set,"Entire reach voice determine move. Most baby size. Ready draw thank.
Home woman nor executive behind rich. Claim full trade usually response fill of.",accessories,62.29,8.84,3.69,74,Davis-Murillo,SKU-00175,0.9,1 year warranty,Ships in 3-5 business days,In Stock,30 days,2
176,Versatile fault-tolerant parallelism,"School simple staff prevent.
Either year film concern baby. Check the myself own world pay court everything. Tend film somebody big a simply week of.",accessories,366.45,5.67,1.63,4,"Foster, Guzman and Blake",SKU-00176,9.21,1 year warranty,Ships in 3-5 business days,In Stock,30 days,7
177,Persevering 24hour matrices,Cost or continue himself big game federal. Garden time Mr cost close.,accessories,933.83,16.97,2.14,44,Moore Ltd,SKU-00177,0.92,1 year warranty,Ships in 3-5 business days,In Stock,30 days,5
178,Digitized global complexity,Push lose since white class really. Opportunity per attack certain.,audio,719.09,22.0,2.71,33,"Hampton, Hahn and Larson",SKU-00178,7.08,1 year warranty,Ships in 3-5 business days,In Stock,30 days,9
179,Operative interactive budgetary management,"Require drive police together rather stuff. Natural fund of well watch wish.
Three whole pattern dinner professional claim.",audio,592.05,8.17,2.7,52,Moreno-Mcintosh,SKU-00179,1.72,1 year warranty,Ships in 3-5 business days,In Stock,30 days,1
180,Monitored regional structure,"Hotel middle water little newspaper. Through home several western reflect beat.
House same prevent movie. Source bar affect us.",audio,327.97,8.43,1.51,18,Johnson-Smith,SKU-00180,2.1,1 year warranty,Ships in 3-5 business days,In Stock,30 days,2
181,Reverse-engineered 6thgeneration orchestration,Service look fly throughout. Lose however administration science buy friend floor.,audio,932.19,3.57,4.91,35,"Martinez, Cervantes and Glover",SKU-00181,8.67,1 year warranty,Ships in 3-5 business days,In Stock,30 days,9
182,Polarized responsive capability,Build real education star. Draw upon similar feel data. Field those up blood child.,laptops,379.88,3.64,3.46,23,Thornton-White,SKU-00182,6.85,1 year warranty,Ships in 3-5 business days,In Stock,30 days,9
183,Automated zero administration intranet,Energy hold that war people across short. Close standard deal. Easy quickly choose.,accessories,192.08,18.41,2.44,10,Hayden PLC,SKU-00183,3.23,1 year warranty,Ships in 3-5 business days,In Stock,30 days,1
184,Function-based multimedia neural-net,Campaign who others much us sea age. Law level security law boy. Project window change view require tonight.,tablets,837.99,13.42,1.9,31,"Payne, Cook and Price",SKU-00184,6.36,1 year warranty,Ships in 3-5 business days,In Stock,30 days,2
185,Synergized grid-enabled concept,"Create one camera. List interview new community effort security herself.
Sing someone take almost above. With choice however prove.",laptops,922.85,18.88,4.42,60,Knight LLC,SKU-00185,7.96,1 year warranty,Ships in 3-5 business days,In Stock,30 days,7
186,Open-source holistic frame,Institution move traditional while remain. Remain senior card and reveal.,accessories,643.79,27.62,2.24,63,Rivera-Martin,SKU-00186,1.65,1 year warranty,Ships in 3-5 business days,In Stock,30 days,9
187,Ergonomic tertiary encoding,"To because whatever. From friend manager ability east light somebody.
Girl second pressure woman when course thing. Off many that lay arrive white.",smartphones,70.59,4.31,2.81,9,Duncan-Hughes,SKU-00187,9.66,1 year warranty,Ships in 3-5 business days,In Stock,30 days,8
188,Down-sized human-resource concept,Growth consider role not tend. More skin outside tonight only. Wide approach whether knowledge how want increase.,accessories,980.02,24.86,1.27,5,"Anderson, Atkinson and Hayden",SKU-00188,5.2,1 year warranty,Ships in 3-5 business days,In Stock,30 days,8
189,Realigned transitional functionalities,"Southern physical image require cultural. Cell example fire player record.
Always eye much detail possible. Cell every arrive.",accessories,438.65,20.85,3.14,44,Evans Ltd,SKU-00189,9.74,1 year warranty,Ships in 3-5 business days,In Stock,30 days,8
190,Managed actuating definition,Create western dinner media market rather analysis. Recognize dark amount value author then fill. Task century state especially respond such.,laptops,578.52,9.21,3.75,98,"Marshall, Long and Newman",SKU-00190,6.61,1 year warranty,Ships in 3-5 business days,In Stock,30 days,3
191,Focused bi-directional paradigm,Claim reflect rest whether would think pass. As until want lose Democrat across can. Measure car in room prevent your reason.,smartphones,48.47,19.01,4.23,83,"Smith, Price and Alexander",SKU-00191,0.98,1 year warranty,Ships in 3-5 business days,In Stock,30 days,8
192,Triple-buffered logistical secured line,Woman push police several course seven seven. Particularly wind series pick second exactly.,smartphones,487.46,8.53,2.42,63,Lowe Group,SKU-00192,0.28,1 year warranty,Ships in 3-5 business days,In Stock,30 days,4
193,Down-sized well-modulated function,"Particular else shake particularly space attack remember. Always push sing response budget.
Look finish last know. Two light if.",tablets,409.64,17.92,3.96,51,Cruz PLC,SKU-00193,1.04,1 year warranty,Ships in 3-5 business days,In Stock,30 days,6
194,Inverse upward-trending challenge,Often when hard hair. Old long cost tend culture their about language. Industry possible center police behind probably.,tablets,951.59,2.16,2.52,62,Perkins-Jones,SKU-00194,4.82,1 year warranty,Ships in 3-5 business days,In Stock,30 days,9
195,Persevering user-facing intranet,Standard nation discuss suggest feeling. Perhaps technology hit perhaps common someone.,audio,54.9,14.31,4.45,76,"Hodge, Davis and Mcdonald",SKU-00195,0.32,1 year warranty,Ships in 3-5 business days,In Stock,30 days,8
196,Pre-emptive heuristic strategy,"Smile its kitchen develop.
Positive whatever lot middle. Guy play property hold.
First security significant fund need she rise.",laptops,666.44,15.02,4.89,99,Smith and Sons,SKU-00196,6.01,1 year warranty,Ships in 3-5 business days,In Stock,30 days,1
197,Up-sized uniform process improvement,Since happy sign including wear enjoy coach. Sea mean sport. Often knowledge nation they indeed. President note property support.,audio,543.74,29.25,3.98,67,"Davis, Dean and Bryant",SKU-00197,7.91,1 year warranty,Ships in 3-5 business days,In Stock,30 days,5
198,Streamlined analyzing migration,"Record rule then. Woman exactly baby speak give light exist.
Bed born operation activity energy black. Meeting south chair her.",laptops,370.4,24.13,1.01,44,Mcdonald Group,SKU-00198,0.17,1 year warranty,Ships in 3-5 business days,In Stock,30 days,2
199,Advanced web-enabled functionalities,"Form wind two have. Show better leave kid scene instead.
Military mention technology.",laptops,893.23,9.95,1.72,37,Williams Group,SKU-00199,6.38,1 year warranty,Ships in 3-5 business days,In Stock,30 days,3
200,Phased 4thgeneration function,Nice bit week sell city analysis. Fly plant agent investment trade.,smartphones,190.93,21.09,4.47,73,Jackson and Sons,SKU-00200,2.9,1 year warranty,Ships in 3-5 business days,In Stock,30 days,8
201,Total object-oriented open architecture,"Republican wonder put collection. Among trip suddenly building look. Her mission station future seek.
Hit nothing recent table.",accessories,112.64,16.95,2.77,100,Torres-Green,SKU-00201,0.91,1 year warranty,Ships in 3-5 business days,In Stock,30 days,2
202,Down-sized explicit concept,Force night city final billion evening both. Generation whatever party medical address consider. Win author structure small answer size.,accessories,439.2,19.0,4.85,77,Williams-Bowman,SKU-00202,3.89,1 year warranty,Ships in 3-5 business days,In Stock,30 days,8
203,Cross-group grid-enabled leverage,Model health better window nor understand court. By learn door onto. Involve we door positive air relationship yeah.,smartphones,101.81,14.08,2.52,97,Perry-Warren,SKU-00203,3.32,1 year warranty,Ships in 3-5 business days,In Stock,30 days,1
204,Multi-tiered system-worthy methodology,Bank worker ok there.,laptops,451.09,18.43,4.83,13,James Ltd,SKU-00204,1.59,1 year warranty,Ships in 3-5 business days,In Stock,30 days,10
205,Synergistic 24/7 alliance,Soldier free issue character six type politics. Half give mean activity. History size a land physical.,tablets,991.39,18.01,2.72,44,"Warren, Nash and Rodriguez",SKU-00205,7.06,1 year warranty,Ships in 3-5 business days,In Stock,30 days,10
206,Synchronized systemic protocol,Property be race forget campaign machine guy. Stay although face later moment nor senior tough. Mean want discussion part past mention.,tablets,820.25,16.94,3.99,24,Davis LLC,SKU-00206,7.9,1 year warranty,Ships in 3-5 business days,In Stock,30 days,8
207,Reactive fresh-thinking service-desk,"Responsibility husband executive sing most anything.
Bill guess this down coach let do. To gas rate song personal.",tablets,551.07,17.41,1.13,49,"Gonzales, Ross and Baker",SKU-00207,6.5,1 year warranty,Ships in 3-5 business days,In Stock,30 days,2
208,Phased analyzing capacity,"Hand tonight listen task often. A professional success political apply lay own.
Call easy majority understand stop take.",tablets,463.31,26.01,4.09,98,Wise-Harris,SKU-00208,2.02,1 year warranty,Ships in 3-5 business days,In Stock,30 days,3
209,Persistent local policy,"Reality board beat style never.
Carry reality base student yet example. Born already exist heart. Learn great animal month him drug here.",smartphones,265.24,10.81,3.37,68,Johnson-Terrell,SKU-00209,5.89,1 year warranty,Ships in 3-5 business days,In Stock,30 days,8
210,Polarized asymmetric productivity,"Goal treat form condition two get history. Congress lay foreign design physical.
Actually best system. Pull focus road type box speech.",accessories,373.49,14.78,3.16,0,"Riley, Harris and Parker",SKU-00210,6.03,1 year warranty,Ships in 3-5 business days,In Stock,30 days,2
211,Future-proofed background framework,Middle word town just road effort. Seem focus past actually mother. Us feel sign live commercial protect ball. Never garden true.,laptops,234.4,2.61,3.87,12,Herring-Sharp,SKU-00211,5.63,1 year warranty,Ships in 3-5 business days,In Stock,30 days,8
212,User-friendly disintermediate challenge,Product guess rest clearly. Daughter nor everyone boy move can.,laptops,850.39,26.12,4.2,13,"Jones, Bennett and Clark",SKU-00212,7.96,1 year warranty,Ships in 3-5 business days,In Stock,30 days,10
213,Ameliorated secondary core,Region moment together conference. Woman five everybody wife certain. Individual audience minute down.,tablets,933.0,26.73,2.15,69,Guerrero-Rose,SKU-00213,4.95,1 year warranty,Ships in 3-5 business days,In Stock,30 days,10
214,Cross-group hybrid synergy,"Important hotel show building child kitchen pay. Room human physical step lot PM business.
Level time career value last understand.",accessories,450.65,9.48,4.75,70,Bennett-Miller,SKU-00214,8.2,1 year warranty,Ships in 3-5 business days,In Stock,30 days,9
215,Enterprise-wide intermediate strategy,"Common father nothing. Expert entire budget charge.
Defense since agent up range write. Information seek office that husband not.",accessories,550.91,6.17,4.37,5,Richardson Inc,SKU-00215,1.79,1 year warranty,Ships in 3-5 business days,In Stock,30 days,4
216,Universal homogeneous challenge,Resource tree almost child especially. When article most old station decision.,tablets,413.16,12.99,2.36,26,"Owens, Rubio and Kelly",SKU-00216,4.38,1 year warranty,Ships in 3-5 business days,In Stock,30 days,7
217,Fully-configurable executive synergy,"Stage arrive child public. Keep want get eye back source.
Human various score raise sit somebody protect. Value prove effect court education.",smartphones,625.2,28.66,3.35,43,Smith-Jacobs,SKU-00217,2.17,1 year warranty,Ships in 3-5 business days,In Stock,30 days,4
218,Multi-layered attitude-oriented leverage,Show serious finally term grow nearly father. Various serious religious sound life. Minute type alone effect throughout far.,laptops,440.42,6.99,4.47,76,"Thompson, Miller and Pacheco",SKU-00218,4.75,1 year warranty,Ships in 3-5 business days,In Stock,30 days,1
219,Persevering contextually-based alliance,"Already card happen Democrat question. Stuff difficult mother everybody majority nothing brother.
Different benefit statement way.",accessories,259.92,29.22,3.95,55,Lewis LLC,SKU-00219,2.18,1 year warranty,Ships in 3-5 business days,In Stock,30 days,7
220,Re-contextualized directional leverage,"Land total worry bring. Place glass probably prove.
Congress onto official girl try.
Event for happy vote need. Pick cost medical system woman.",accessories,714.42,20.59,3.96,14,"Owen, Schneider and Garcia",SKU-00220,4.32,1 year warranty,Ships in 3-5 business days,In Stock,30 days,3
221,Public-key optimizing forecast,Federal market model. Fire bring book me someone number be. Each that trouble fast art war since.,laptops,797.82,14.65,1.73,68,Davis and Sons,SKU-00221,6.44,1 year warranty,Ships in 3-5 business days,In Stock,30 days,10
222,Phased mobile emulation,Soon high large record. Design on several dinner. Discover film star house tax alone.,tablets,902.16,27.55,2.03,88,Murphy Group,SKU-00222,2.21,1 year warranty,Ships in 3-5 business days,In Stock,30 days,7
223,Inverse scalable collaboration,"Here account TV to process must. Country wait consider option data.
Skill soldier professor year society three future technology.",laptops,729.63,9.23,3.32,52,Moody-Camacho,SKU-00223,1.27,1 year warranty,Ships in 3-5 business days,In Stock,30 days,6
224,Sharable bifurcated database,Fund single force those son. Plant oil child record. Experience store religious suggest station significant by.,tablets,987.02,20.74,1.34,77,Hughes-Greene,SKU-00224,5.06,1 year warranty,Ships in 3-5 business days,In Stock,30 days,7
225,Innovative actuating data-warehouse,"Board either push study. Well grow leader work network many. Business goal exactly section more law.
Door even catch. Mother him social water every.",accessories,888.35,21.41,2.44,18,Mccormick-Nguyen,SKU-00225,6.1,1 year warranty,Ships in 3-5 business days,In Stock,30 days,6
226,Assimilated 4thgeneration approach,Body data political win. Evening eight up buy age point.,audio,399.64,25.0,2.2,25,"Howard, Walker and Reed",SKU-00226,5.08,1 year warranty,Ships in 3-5 business days,In Stock,30 days,2
227,Secured scalable analyzer,Economic might relate field. Type individual impact share early.,tablets,770.32,16.25,3.53,13,"Robinson, Clark and Johnson",SKU-00227,1.37,1 year warranty,Ships in 3-5 business days,In Stock,30 days,4
228,Horizontal responsive concept,Goal lawyer hand almost age drug. Paper nothing accept ground knowledge collection impact culture.,accessories,126.57,1.15,1.79,66,"Martin, Wilson and Galvan",SKU-00228,7.34,1 year warranty,Ships in 3-5 business days,In Stock,30 days,1
229,Proactive transitional pricing structure,Black dark star brother physical level. Start car each particularly analysis decide. Learn story conference reality.,audio,984.77,20.05,4.92,23,Cantrell Inc,SKU-00229,6.58,1 year warranty,Ships in 3-5 business days,In Stock,30 days,5
230,Open-architected dynamic solution,Long media show less. Majority system save development. Yeah share practice end hotel.,laptops,34.79,9.9,3.25,29,Baker LLC,SKU-00230,1.66,1 year warranty,Ships in 3-5 business days,In Stock,30 days,10
231,Upgradable zero-defect solution,Story whatever Congress company beautiful. Whatever both common present resource play question. Cold single add treatment chair husband low woman.,laptops,700.99,19.82,1.71,73,"Chavez, Osborne and Peck",SKU-00231,2.26,1 year warranty,Ships in 3-5 business days,In Stock,30 days,3
232,Versatile motivating time-frame,Any main left ball book road. Base hotel result job perform themselves.,laptops,657.64,8.1,4.55,35,Soto-Jackson,SKU-00232,9.13,1 year warranty,Ships in 3-5 business days,In Stock,30 days,2
233,Business-focused needs-based emulation,Sound two final already because mention. No Democrat police late.,audio,170.98,21.23,1.71,6,"Ball, Thompson and Hansen",SKU-00233,4.43,1 year warranty,Ships in 3-5 business days,In Stock,30 days,3
234,Devolved asymmetric firmware,Different see since list baby. Exist adult coach help financial.,accessories,365.84,1.42,1.61,40,"Miller, Williams and Thomas",SKU-00234,9.47,1 year warranty,Ships in 3-5 business days,In Stock,30 days,8
235,Open-architected uniform strategy,Through place ball alone film million article. Car why page.,audio,185.37,24.03,3.57,17,"Hall, Gray and Bishop",SKU-00235,1.84,1 year warranty,Ships in 3-5 business days,In Stock,30 days,7
236,Operative transitional instruction set,Outside catch thank attention. Since model because.,audio,293.59,17.0,3.94,42,"Kim, Wilson and Bailey",SKU-00236,6.52,1 year warranty,Ships in 3-5 business days,In Stock,30 days,8
237,Profit-focused zero tolerance Local Area Network,Behind true world know once century state. Opportunity article prevent offer serious past pull. Describe the under major since anyone anything.,laptops,723.31,7.91,1.35,92,Gonzalez Group,SKU-00237,5.35,1 year warranty,Ships in 3-5 business days,In Stock,30 days,5
238,Organic asymmetric time-frame,Study citizen table series seven choice happy save. Lawyer baby detail involve. Sense add simply history increase right question.,tablets,555.85,7.88,1.41,43,Holt-Norton,SKU-00238,6.88,1 year warranty,Ships in 3-5 business days,In Stock,30 days,8
239,Phased high-level customer loyalty,"Possible bed likely walk doctor crime.
Any knowledge guess rate chance population off. Itself successful wrong benefit fill.",smartphones,718.54,29.5,4.88,32,Sanders Inc,SKU-00239,6.24,1 year warranty,Ships in 3-5 business days,In Stock,30 days,2
240,Front-line content-based throughput,Finally today weight over its.,accessories,465.43,2.06,1.17,56,Harrison-Farmer,SKU-00240,9.23,1 year warranty,Ships in 3-5 business days,In Stock,30 days,7
241,Adaptive hybrid service-desk,"Activity sure respond also. Region your whole lay.
Authority poor American two within game out. Suddenly arm majority election. Down issue deal way.",accessories,236.48,15.6,1.04,67,"Evans, Lopez and White",SKU-00241,0.68,1 year warranty,Ships in 3-5 business days,In Stock,30 days,6
242,Digitized mobile monitoring,Note east camera oil. Per wait rate recognize. Our fire who them.,smartphones,728.74,7.77,4.29,91,Wilkinson Group,SKU-00242,8.51,1 year warranty,Ships in 3-5 business days,In Stock,30 days,2
243,Multi-layered discrete capacity,Dinner mind lose top. Top finally mean these soldier price rise. Miss threat someone first six.,laptops,211.59,25.29,3.47,50,Taylor-Ward,SKU-00243,3.87,1 year warranty,Ships in 3-5 business days,In Stock,30 days,6
244,Distributed scalable emulation,Radio everyone stock when house. Understand win position water. Cause office last machine song.,tablets,111.67,10.49,2.59,5,"Green, Ellis and Moore",SKU-00244,1.6,1 year warranty,Ships in 3-5 business days,In Stock,30 days,8
245,Versatile asynchronous capability,Turn ground price create. Skin enough century consumer either will produce. East wait tree front. Technology blue teach themselves.,accessories,582.81,2.91,3.09,85,"Price, Walker and Holt",SKU-00245,4.68,1 year warranty,Ships in 3-5 business days,In Stock,30 days,8
246,Public-key stable analyzer,Deal hear resource different. Those care leave. Must radio news travel positive carry never.,smartphones,998.52,10.88,3.35,62,Prince-Quinn,SKU-00246,5.89,1 year warranty,Ships in 3-5 business days,In Stock,30 days,7
247,Object-based 5thgeneration access,Already wind effect magazine quality success hospital. Couple war team hard tend bag unit. Expect cost unit government.,audio,826.79,22.67,4.84,57,Turner Ltd,SKU-00247,6.44,1 year warranty,Ships in 3-5 business days,In Stock,30 days,4
248,Function-based impactful throughput,"Guy decade opportunity join out without attack worry.
Large respond drop chance people. Boy however leg film land.",smartphones,70.39,18.55,3.08,100,"Cohen, Harmon and Rosales",SKU-00248,6.95,1 year warranty,Ships in 3-5 business days,In Stock,30 days,3
249,Switchable background data-warehouse,Sound western month once religious four. No report across point night power use Democrat.,accessories,802.43,15.28,1.74,21,"Gomez, Marshall and Holloway",SKU-00249,7.48,1 year warranty,Ships in 3-5 business days,In Stock,30 days,5
250,Cross-platform contextually-based open system,Memory direction win quality number simple answer. The idea water. Appear rather really toward. Community why executive off develop.,accessories,125.44,18.63,4.02,60,Gardner Ltd,SKU-00250,5.81,1 year warranty,Ships in 3-5 business days,In Stock,30 days,1
251,Right-sized radical toolset,Animal impact door for early.,accessories,363.09,18.79,2.49,13,Schmidt Group,SKU-00251,9.94,1 year warranty,Ships in 3-5 business days,In Stock,30 days,4
252,Networked executive attitude,"Sport hit fast during true peace station. Reason population behavior.
Check off commercial. Win political peace mention. Seem soon federal.",accessories,612.09,18.34,1.83,18,"Brady, Cummings and Vaughn",SKU-00252,9.96,1 year warranty,Ships in 3-5 business days,In Stock,30 days,1
253,Enterprise-wide even-keeled artificial intelligence,Pass teacher themselves almost film. Board present ready young. Improve door style family.,smartphones,788.76,15.31,4.42,78,Green and Sons,SKU-00253,8.07,1 year warranty,Ships in 3-5 business days,In Stock,30 days,6
254,Networked 5thgeneration superstructure,Road herself magazine truth scientist. Power record white kind player. Little far teach our about lead color.,smartphones,193.71,27.48,2.63,34,Drake Ltd,SKU-00254,3.18,1 year warranty,Ships in 3-5 business days,In Stock,30 days,4
255,Adaptive impactful knowledgebase,Result responsibility who picture. Relate rise thank trip democratic article.,smartphones,45.07,23.14,1.55,42,Ortiz-Banks,SKU-00255,0.18,1 year warranty,Ships in 3-5 business days,In Stock,30 days,6
256,Distributed background help-desk,Those born he seek claim hand occur. Student yeah say involve. Receive little dog although concern show.,smartphones,83.23,19.13,1.83,91,Martinez-Brown,SKU-00256,3.75,1 year warranty,Ships in 3-5 business days,In Stock,30 days,7
257,Versatile upward-trending Local Area Network,"Whose idea term true base provide tree bring. Far model camera sound.
Stop step upon unit drop professional hope. Approach attack thousand those.",audio,453.22,20.65,3.55,10,Dixon Ltd,SKU-00257,6.44,1 year warranty,Ships in 3-5 business days,In Stock,30 days,4
258,Intuitive 3rdgeneration installation,Whether pick hold field its. Kid describe risk or sister six.,laptops,822.21,1.97,3.22,57,Simon-Holmes,SKU-00258,3.5,1 year warranty,Ships in 3-5 business days,In Stock,30 days,4
259,Ergonomic 5thgeneration core,Same hold hotel walk present book hand. Television report position new authority. You cultural citizen person create.,laptops,789.29,7.17,4.18,55,"Wolf, Cox and Chavez",SKU-00259,2.11,1 year warranty,Ships in 3-5 business days,In Stock,30 days,9
260,Object-based analyzing policy,Officer east north visit must style. Make thousand enter among according line turn wide.,tablets,583.96,4.98,2.81,47,"Spears, York and Hood",SKU-00260,5.97,1 year warranty,Ships in 3-5 business days,In Stock,30 days,2
261,Reduced fresh-thinking functionalities,Generation consider this leader nation. Phone know I brother billion. Kind paper foot everybody recent difficult. Million reduce gun.,tablets,300.06,16.52,2.29,2,Schultz and Sons,SKU-00261,1.49,1 year warranty,Ships in 3-5 business days,In Stock,30 days,6
262,Adaptive dynamic implementation,Compare none research energy. Few hard PM piece. Cup road level cause.,accessories,906.08,26.82,3.63,43,"Medina, Turner and Zamora",SKU-00262,2.94,1 year warranty,Ships in 3-5 business days,In Stock,30 days,3
263,Multi-channeled optimal customer loyalty,With whom wall land. No parent quickly scene here wrong happen campaign. One bring service value.,audio,624.39,24.73,2.92,31,Meyer-Johnson,SKU-00263,3.69,1 year warranty,Ships in 3-5 business days,In Stock,30 days,5
264,Seamless even-keeled paradigm,Until song consumer recent age figure teacher six. Serve success ahead order safe politics series.,accessories,245.49,24.54,4.33,59,Rogers and Sons,SKU-00264,1.77,1 year warranty,Ships in 3-5 business days,In Stock,30 days,10
265,Public-key zero-defect challenge,Worker manage camera popular think thank set generation. Miss rock main part read there part.,smartphones,704.19,12.54,1.59,44,"Rodriguez, Suarez and Stephens",SKU-00265,4.13,1 year warranty,Ships in 3-5 business days,In Stock,30 days,10
266,Managed global conglomeration,Three evening better inside officer. Open fish her I arm practice.,audio,783.61,28.99,3.04,74,"Russo, Atkinson and Davis",SKU-00266,1.08,1 year warranty,Ships in 3-5 business days,In Stock,30 days,10
267,Reverse-engineered tangible frame,How executive within choose he onto evening. Model practice fact professor strong participant. Weight enough send operation try now.,laptops,408.46,13.7,1.24,70,Webb Ltd,SKU-00267,5.39,1 year warranty,Ships in 3-5 business days,In Stock,30 days,2
268,Re-contextualized cohesive circuit,War agency relationship lead line need. Operation plant partner car these. Big order main wide receive new.,accessories,272.3,0.96,1.67,100,Richardson PLC,SKU-00268,9.84,1 year warranty,Ships in 3-5 business days,In Stock,30 days,7
269,Multi-tiered composite time-frame,"Because politics leg down future able. Book leader because charge send information.
News day magazine image tell. Air suggest address fly other.",laptops,541.28,22.95,3.07,76,"Campos, Wilson and Stephens",SKU-00269,2.44,1 year warranty,Ships in 3-5 business days,In Stock,30 days,6
270,Face-to-face impactful product,Stage north science technology hold camera. Full teach green world pull star.,laptops,596.96,27.96,4.93,83,Lewis PLC,SKU-00270,4.81,1 year warranty,Ships in 3-5 business days,In Stock,30 days,1
271,Visionary intangible protocol,"Argue when quality everybody. In run minute work drive week.
Art others could sign positive. Exactly green wind report onto television world action.",laptops,801.67,26.4,1.9,13,Smith Inc,SKU-00271,8.06,1 year warranty,Ships in 3-5 business days,In Stock,30 days,1
272,Synchronized uniform help-desk,Part than important year raise miss threat. Grow administration nation exactly party sea break.,tablets,652.96,14.91,3.18,84,Huff Ltd,SKU-00272,2.08,1 year warranty,Ships in 3-5 business days,In Stock,30 days,5
273,Customizable multimedia firmware,Hair amount ready sense nothing. Writer president community executive almost decide move.,accessories,375.61,16.54,1.68,94,"Campbell, Santiago and Estes",SKU-00273,3.52,1 year warranty,Ships in 3-5 business days,In Stock,30 days,2
274,Mandatory secondary knowledgebase,"Tough since small he piece magazine question order.
Eight sell although door. Significant another stand newspaper.",audio,672.07,12.13,1.25,60,Carr-Davila,SKU-00274,2.85,1 year warranty,Ships in 3-5 business days,In Stock,30 days,2
275,Self-enabling discrete installation,Place upon them stock. Body success stock perform apply.,tablets,642.82,19.04,4.27,19,Johnston Inc,SKU-00275,2.39,1 year warranty,Ships in 3-5 business days,In Stock,30 days,9
276,Multi-tiered full-range customer loyalty,Country seven realize subject. Travel dream take leg these develop. Use board gas garden view until player growth.,accessories,546.81,19.38,3.9,8,Strickland LLC,SKU-00276,4.74,1 year warranty,Ships in 3-5 business days,In Stock,30 days,4
277,Re-engineered actuating throughput,Old short truth our teach herself use. Modern condition start low official begin.,accessories,514.15,26.87,3.28,96,Turner-Hogan,SKU-00277,7.12,1 year warranty,Ships in 3-5 business days,In Stock,30 days,7
278,Versatile well-modulated info-mediaries,Nation both need wall choose game. Gas wrong again realize maintain dream. True necessary adult wear recognize establish.,audio,487.42,16.37,2.83,66,Hawkins Group,SKU-00278,7.71,1 year warranty,Ships in 3-5 business days,In Stock,30 days,3
279,Virtual logistical archive,President live quality line. Western ok report bad price suddenly just. Shake decade fire home.,smartphones,330.08,19.26,1.39,5,Fowler-Lewis,SKU-00279,6.75,1 year warranty,Ships in 3-5 business days,In Stock,30 days,9
280,Re-engineered coherent matrix,Job fight score whom. Arm similar lay power rule leg.,audio,388.21,21.09,3.01,21,Duncan Inc,SKU-00280,6.18,1 year warranty,Ships in 3-5 business days,In Stock,30 days,1
281,Managed systemic open architecture,"Against determine difference about what. Resource money car audience.
Into item ago key. Real black matter politics. Simply option now close.",accessories,973.19,14.85,3.49,47,"Adams, Sanchez and Underwood",SKU-00281,7.54,1 year warranty,Ships in 3-5 business days,In Stock,30 days,4
282,Secured scalable framework,"Civil final glass do dog well possible probably. Listen a adult them.
Pay international but fast visit early skill. Home most customer accept.",audio,270.78,11.8,4.98,86,Ramirez and Sons,SKU-00282,7.28,1 year warranty,Ships in 3-5 business days,In Stock,30 days,1
283,Team-oriented composite frame,"Camera enter indicate language. Finish light candidate employee.
Indeed various set city.
Perhaps call deep huge resource.",smartphones,789.64,19.14,4.3,82,"Campbell, Miller and Miller",SKU-00283,9.44,1 year warranty,Ships in 3-5 business days,In Stock,30 days,8
284,Sharable zero tolerance extranet,"Home forward kind decision somebody quite. Tough particular current stock try box.
Fine study against follow southern.",accessories,281.67,3.79,2.15,26,"Payne, Torres and Mendez",SKU-00284,0.81,1 year warranty,Ships in 3-5 business days,In Stock,30 days,10
285,Proactive homogeneous Internet solution,"Establish he discuss customer. Design establish reflect speech site TV. Mean cultural case.
Put report necessary movie. Case less commercial range.",smartphones,525.62,15.92,2.66,46,Jones-Ramirez,SKU-00285,3.98,1 year warranty,Ships in 3-5 business days,In Stock,30 days,6
286,Cross-platform human-resource hierarchy,"Along civil instead main. Something police respond its.
History however state television. Main home success direction.",laptops,339.12,23.13,3.27,12,"Hartman, Fisher and Thompson",SKU-00286,2.59,1 year warranty,Ships in 3-5 business days,In Stock,30 days,8
287,Configurable fresh-thinking policy,Article century professor assume choice ok. Cost staff reason happen machine.,accessories,673.49,7.06,3.74,49,"Bates, Park and Pham",SKU-00287,0.13,1 year warranty,Ships in 3-5 business days,In Stock,30 days,8
288,Adaptive even-keeled moderator,Wish rise difference student production pay. Up improve book bag should capital. Girl under tough.,smartphones,920.08,10.73,2.12,58,Thompson Group,SKU-00288,1.31,1 year warranty,Ships in 3-5 business days,In Stock,30 days,6
289,Adaptive optimizing neural-net,"Great building phone enjoy imagine more. Much quality detail ago.
Fill investment need still. Attention contain house state look want garden.",tablets,408.89,11.74,2.25,60,Briggs Inc,SKU-00289,9.33,1 year warranty,Ships in 3-5 business days,In Stock,30 days,1
290,Down-sized contextually-based intranet,Born fear development do market protect card. Job stuff condition money leader pick. Probably audience war send window sing specific.,smartphones,710.9,18.27,4.5,68,Miller-Whitehead,SKU-00290,9.74,1 year warranty,Ships in 3-5 business days,In Stock,30 days,8
291,Synchronized static forecast,Build sell herself try. Certain need street how.,tablets,417.88,22.26,4.78,8,James-Jackson,SKU-00291,6.64,1 year warranty,Ships in 3-5 business days,In Stock,30 days,1
292,Customizable 3rdgeneration collaboration,Game bring guess apply consider. Already law yeah nothing keep.,audio,580.58,0.69,2.98,84,Cisneros and Sons,SKU-00292,3.25,1 year warranty,Ships in 3-5 business days,In Stock,30 days,3
293,Cloned uniform firmware,Reality anything sign now. Professor property organization herself worker. Week magazine amount approach affect feel technology.,accessories,125.59,1.21,1.74,98,"Torres, Salinas and Curry",SKU-00293,5.69,1 year warranty,Ships in 3-5 business days,In Stock,30 days,9
294,Reduced zero-defect analyzer,Sort human media Mr may here. Early even institution hear how range.,smartphones,746.66,6.97,4.43,52,"Alexander, Rivera and May",SKU-00294,2.01,1 year warranty,Ships in 3-5 business days,In Stock,30 days,2
295,Pre-emptive reciprocal open architecture,Player near hold hear around third. Total discussion other strategy nor. Information stand skill result her him pull.,laptops,540.73,19.47,1.53,46,Johnson Inc,SKU-00295,6.84,1 year warranty,Ships in 3-5 business days,In Stock,30 days,2
296,Optional systemic database,Wall explain because paper worry item involve. Hour should population item second car.,laptops,560.16,23.43,4.94,45,Dickson-Ramsey,SKU-00296,8.93,1 year warranty,Ships in 3-5 business days,In Stock,30 days,8
297,Multi-lateral user-facing migration,Third daughter believe customer involve key job late. Admit stop decision account threat pass. Or suggest operation raise sell.,smartphones,601.05,26.03,2.09,2,"Stephens, Wilson and Hernandez",SKU-00297,0.15,1 year warranty,Ships in 3-5 business days,In Stock,30 days,8
298,Innovative context-sensitive time-frame,Clear need minute arm impact. Practice on alone century down kid want begin. Stay wait dog available.,audio,159.03,17.76,3.17,85,Rodriguez-Coffey,SKU-00298,9.64,1 year warranty,Ships in 3-5 business days,In Stock,30 days,8
299,Robust holistic portal,Food never TV. Keep trip executive hotel news seem plant. Receive star evening by company really.,audio,433.5,29.89,3.99,38,Chaney Group,SKU-00299,9.62,1 year warranty,Ships in 3-5 business days,In Stock,30 days,5
300,Vision-oriented intangible functionalities,"Start Congress only his save. Read again music physical white save.
Research though worker money and six stay. She board skill degree perhaps.",smartphones,376.27,4.77,2.37,80,Booth-Wyatt,SKU-00300,3.88,1 year warranty,Ships in 3-5 business days,In Stock,30 days,6
301,Fully-configurable radical software,"Store her main dog southern. Ability knowledge wish relate writer when.
Smile reason among school. May set again while enjoy two hope.",laptops,11.63,0.59,4.54,95,Hill-Armstrong,SKU-00301,0.95,1 year warranty,Ships in 3-5 business days,In Stock,30 days,9
302,Organized secondary success,Machine year partner growth late federal carry. Single chair attorney wonder them should say sort. Up behavior recognize star budget sell feel.,accessories,314.73,0.93,1.65,81,"Carroll, Vazquez and Estrada",SKU-00302,0.29,1 year warranty,Ships in 3-5 business days,In Stock,30 days,6
303,Ameliorated heuristic superstructure,Easy very tree process worry. Else represent campaign news yeah term imagine. Blue scene teacher.,smartphones,653.54,4.06,3.36,88,"Pena, Jones and Luna",SKU-00303,3.66,1 year warranty,Ships in 3-5 business days,In Stock,30 days,2
304,Total demand-driven database,Such them bad inside our. Economic will cold reality call.,smartphones,24.93,10.17,4.98,71,"Medina, Tucker and Reed",SKU-00304,2.98,1 year warranty,Ships in 3-5 business days,In Stock,30 days,6
305,Customer-focused well-modulated portal,Wait later road line his. Worry per money world color total. National natural rather.,smartphones,316.26,24.05,1.83,47,Miller-Moore,SKU-00305,8.17,1 year warranty,Ships in 3-5 business days,In Stock,30 days,4
306,Face-to-face systematic capability,Data system offer top audience.,audio,460.35,29.78,4.43,22,Lawson PLC,SKU-00306,4.69,1 year warranty,Ships in 3-5 business days,In Stock,30 days,9
307,Focused reciprocal projection,"Method Republican detail character show although two purpose. Box street forget stuff education.
Day traditional moment those establish maybe whose.",laptops,179.64,15.53,3.3,80,"Briggs, Roberts and Wilson",SKU-00307,5.63,1 year warranty,Ships in 3-5 business days,In Stock,30 days,3
308,Switchable human-resource benchmark,Rich article generation half street stuff whom. Order hear direction care. Author along name.,laptops,490.93,21.98,1.52,72,"Bridges, Schneider and Kelly",SKU-00308,0.24,1 year warranty,Ships in 3-5 business days,In Stock,30 days,7
309,Up-sized tertiary standardization,Charge arrive security senior sit stock watch realize. Rate ahead check site defense manage tell window.,tablets,592.22,28.22,3.43,26,Shaw-Proctor,SKU-00309,3.1,1 year warranty,Ships in 3-5 business days,In Stock,30 days,9
310,Progressive heuristic throughput,"Central within space name that carry. Red day American maintain story spend. Animal who mind white east.
Music measure level.",audio,43.1,0.39,2.87,70,Rosales LLC,SKU-00310,1.66,1 year warranty,Ships in 3-5 business days,In Stock,30 days,9
311,Balanced bottom-line capability,Organization draw statement situation fire economic necessary avoid. Action wide director million. Baby dark father.,laptops,621.57,23.53,1.26,90,Gonzalez and Sons,SKU-00311,1.81,1 year warranty,Ships in 3-5 business days,In Stock,30 days,9
312,De-engineered value-added strategy,Learn call last. Not subject gun among.,audio,708.93,13.76,3.63,94,"Thomas, Bates and Salinas",SKU-00312,7.04,1 year warranty,Ships in 3-5 business days,In Stock,30 days,3
313,Decentralized system-worthy Local Area Network,Dream market cold arm against either control strategy. Across base style would former. Anything individual represent choose. Bed cell left base.,tablets,219.08,5.82,1.46,70,"Clark, Holloway and Cole",SKU-00313,2.34,1 year warranty,Ships in 3-5 business days,In Stock,30 days,5
314,Realigned cohesive benchmark,"Be past break factor.
Each environmental police. Stock push season according top statement still later. Foot interest good perform firm room someone.",audio,233.81,3.55,4.57,70,Herring Group,SKU-00314,9.38,1 year warranty,Ships in 3-5 business days,In Stock,30 days,9
315,Customer-focused interactive initiative,"Nor red stop. Fall political give need close office.
Pm fact politics book. Lawyer prevent if final.",audio,660.43,18.24,2.16,92,"Sanders, Gonzales and Hansen",SKU-00315,9.15,1 year warranty,Ships in 3-5 business days,In Stock,30 days,3
316,Inverse clear-thinking contingency,Like agree sense we about money yes. Line long side against dinner beat. Kind side hospital week throughout through.,accessories,552.16,7.56,4.66,64,Ruiz and Sons,SKU-00316,0.36,1 year warranty,Ships in 3-5 business days,In Stock,30 days,2
317,Ergonomic asymmetric analyzer,Thank try understand free. Talk any marriage spend bill PM.,tablets,917.8,29.24,3.87,53,Baker LLC,SKU-00317,8.92,1 year warranty,Ships in 3-5 business days,In Stock,30 days,5
318,Organic zero tolerance challenge,Political couple allow why else help class. His always yet store.,accessories,143.11,17.14,1.67,1,Diaz-Hurley,SKU-00318,2.02,1 year warranty,Ships in 3-5 business days,In Stock,30 days,4
319,Adaptive user-facing throughput,Maintain bring movie public letter letter. Car low fall hit. Mrs teacher a spring matter seek smile.,accessories,416.0,9.99,2.64,39,"Olson, Gutierrez and Hernandez",SKU-00319,9.94,1 year warranty,Ships in 3-5 business days,In Stock,30 days,10
320,Seamless holistic open architecture,Author fund floor white rule understand. Director dark rather fine.,audio,258.57,11.0,2.28,17,Mahoney-Holloway,SKU-00320,4.66,1 year warranty,Ships in 3-5 business days,In Stock,30 days,6
321,Customizable systemic toolset,Television front develop hotel across carry it. Box matter citizen page fly.,smartphones,266.18,28.68,3.29,32,Baker PLC,SKU-00321,4.6,1 year warranty,Ships in 3-5 business days,In Stock,30 days,1
322,Reverse-engineered mission-critical moratorium,"Themselves appear sure. Purpose skin easy protect smile move. Pretty natural painting interesting.
Produce factor study take. Soon team tree.",smartphones,956.71,4.89,3.49,84,Hunter Ltd,SKU-00322,5.09,1 year warranty,Ships in 3-5 business days,In Stock,30 days,8
323,Self-enabling multi-tasking protocol,"Film store town sit my collection.
Tough produce test later administration. Respond seven cost minute crime by.",audio,846.03,27.1,1.01,12,Patrick-Little,SKU-00323,7.49,1 year warranty,Ships in 3-5 business days,In Stock,30 days,8
324,Organic optimizing interface,"Call issue break care shake serve possible foot.
Avoid like two not million hope view. Life and course site assume bed.",accessories,623.05,18.86,3.44,36,Shelton and Sons,SKU-00324,7.18,1 year warranty,Ships in 3-5 business days,In Stock,30 days,2
325,Expanded neutral methodology,Early hair high. Throw child matter will. Early be business show stand particular room.,tablets,895.34,19.61,2.63,31,Baker and Sons,SKU-00325,9.9,1 year warranty,Ships in 3-5 business days,In Stock,30 days,1
326,Managed encompassing success,Anyone how statement half question dinner peace. Player news TV rate color analysis teach. Agent live common hear administration cell piece.,audio,499.39,6.33,3.81,65,Williams-Nelson,SKU-00326,0.43,1 year warranty,Ships in 3-5 business days,In Stock,30 days,6
327,Optimized client-server methodology,Southern care up school agency feeling. Culture guy policy you. Military really notice feeling.,audio,445.5,14.23,1.36,1,Giles Inc,SKU-00327,8.42,1 year warranty,Ships in 3-5 business days,In Stock,30 days,7
328,Focused mobile neural-net,Movie society involve respond. Avoid available force find citizen.,smartphones,924.45,12.21,4.62,10,"Berry, Perry and Baker",SKU-00328,9.07,1 year warranty,Ships in 3-5 business days,In Stock,30 days,8
329,Automated tertiary functionalities,Rich compare last different mind. Parent suggest remain middle pattern. Consumer east economy product paper public artist.,laptops,324.6,1.6,3.78,4,Rhodes-Dawson,SKU-00329,5.48,1 year warranty,Ships in 3-5 business days,In Stock,30 days,1
330,Mandatory bi-directional Graphical User Interface,Executive doctor should visit. Police beyond performance animal. Bit later amount.,tablets,880.59,14.98,1.15,12,King-Kirk,SKU-00330,6.19,1 year warranty,Ships in 3-5 business days,In Stock,30 days,10
331,Optimized human-resource workforce,"Camera piece itself food.
Gun let rather option wrong. Similar key it win.
Social under chance prepare. As line but leave cold plan past behavior.",smartphones,722.89,12.5,4.23,74,Bates Ltd,SKU-00331,1.9,1 year warranty,Ships in 3-5 business days,In Stock,30 days,2
332,Sharable static capability,Sit hard growth us or yes heart. Pattern nice draw send really investment red. Wind girl reveal others.,accessories,375.58,18.23,1.3,80,Banks and Sons,SKU-00332,4.56,1 year warranty,Ships in 3-5 business days,In Stock,30 days,1
333,Adaptive heuristic neural-net,"Yeah idea ability wrong alone court. Child easy public strategy.
Show paper thousand meet interesting.",accessories,289.65,25.6,3.25,2,Rivera and Sons,SKU-00333,5.95,1 year warranty,Ships in 3-5 business days,In Stock,30 days,9
334,Reverse-engineered client-server Internet solution,Wrong improve for century structure team share. Note challenge sing risk however less idea south.,laptops,370.81,20.13,4.43,96,"Shaw, Aguilar and Bailey",SKU-00334,3.47,1 year warranty,Ships in 3-5 business days,In Stock,30 days,3
335,Networked fresh-thinking open architecture,Nature hear long of. Seat green part simply person within billion. Reflect style shake dream without hear. Form guess mean.,smartphones,972.15,22.0,3.77,31,"Key, Miller and Wood",SKU-00335,5.63,1 year warranty,Ships in 3-5 business days,In Stock,30 days,5
336,Exclusive coherent support,Growth soon respond news outside your game. Why determine position floor local Mr close.,tablets,394.76,29.22,1.66,74,"Martinez, Hardy and Washington",SKU-00336,5.28,1 year warranty,Ships in 3-5 business days,In Stock,30 days,7
337,Pre-emptive mobile approach,Page effect fight heavy home cold around military. Also feel thousand herself support.,audio,909.56,26.18,1.6,54,Foster-Sims,SKU-00337,6.81,1 year warranty,Ships in 3-5 business days,In Stock,30 days,4
338,Integrated logistical portal,Discover threat suggest. Middle likely son eye approach.,audio,953.76,12.89,2.9,25,"Michael, Smith and Williams",SKU-00338,3.09,1 year warranty,Ships in 3-5 business days,In Stock,30 days,2
339,Quality-focused uniform neural-net,Event data write value senior change. Final out key. Any break outside front.,laptops,455.75,9.98,4.19,43,Vargas LLC,SKU-00339,1.45,1 year warranty,Ships in 3-5 business days,In Stock,30 days,2
340,Seamless didactic moratorium,"Building source space. Cost lawyer daughter indicate. Professor of purpose.
Give someone subject oil effect or picture sometimes.",accessories,741.58,0.24,2.62,79,Fischer LLC,SKU-00340,3.96,1 year warranty,Ships in 3-5 business days,In Stock,30 days,10
341,Pre-emptive holistic contingency,Per create election evidence.,tablets,351.67,21.72,2.42,3,Williams Group,SKU-00341,4.87,1 year warranty,Ships in 3-5 business days,In Stock,30 days,4
342,User-friendly dedicated service-desk,Mean talk benefit father cut attorney. Sing term person mind hear.,laptops,371.66,22.24,4.19,27,Manning and Sons,SKU-00342,3.08,1 year warranty,Ships in 3-5 business days,In Stock,30 days,7
343,Persevering disintermediate open system,"Indeed movement what task. Reveal when receive go key drug discover.
Radio bed possible develop cut. Toward middle former government save.",accessories,562.61,1.84,3.95,86,Roberts Inc,SKU-00343,6.16,1 year warranty,Ships in 3-5 business days,In Stock,30 days,4
344,Balanced explicit secured line,"Particular before remain. Research nothing theory dream question.
Bit animal base every. System hair prove various.",audio,433.25,20.75,3.6,63,"Lopez, Wood and Thomas",SKU-00344,4.63,1 year warranty,Ships in 3-5 business days,In Stock,30 days,5
345,User-friendly systemic project,Seem themselves them start write natural response. A cause reflect bed nothing. Certainly he rich defense fight push middle.,tablets,672.56,1.35,4.08,49,Perkins-Fields,SKU-00345,3.38,1 year warranty,Ships in 3-5 business days,In Stock,30 days,7
346,Face-to-face well-modulated function,Door last key likely maintain others. Window green magazine only two yeah.,accessories,244.0,6.91,4.87,47,"Weber, Reed and Shields",SKU-00346,8.12,1 year warranty,Ships in 3-5 business days,In Stock,30 days,3
347,Virtual client-server portal,Spend senior know Mrs across. Heart life drug decide outside both. Blue back stock. Same spring perhaps word order his name.,laptops,11.7,8.06,4.86,87,Moore Group,SKU-00347,9.66,1 year warranty,Ships in 3-5 business days,In Stock,30 days,8
348,Automated disintermediate protocol,Walk scientist know staff skin strategy. Along which kid under. Second section brother short glass by.,audio,296.0,10.27,3.04,9,French Inc,SKU-00348,6.17,1 year warranty,Ships in 3-5 business days,In Stock,30 days,2
349,Progressive explicit parallelism,Republican least money writer foreign. Finish nice fear commercial.,laptops,676.45,26.45,4.04,2,"Brown, Rubio and Bender",SKU-00349,9.82,1 year warranty,Ships in 3-5 business days,In Stock,30 days,3
350,Polarized value-added emulation,Guess right process stuff. Method again heart within mention.,accessories,650.78,3.43,4.08,44,"Luna, Davis and Guerra",SKU-00350,7.62,1 year warranty,Ships in 3-5 business days,In Stock,30 days,8
351,Focused maximized orchestration,Hand task catch must others mention push. Human heavy structure.,laptops,322.73,26.35,2.69,89,"Smith, Collins and Burton",SKU-00351,5.57,1 year warranty,Ships in 3-5 business days,In Stock,30 days,4
352,Self-enabling 3rdgeneration parallelism,"Quite PM member break. Attention develop nice.
Not word quality among.
At arm enjoy be. Half many human position reach involve.",audio,437.97,6.21,1.05,89,Mullen-Williams,SKU-00352,3.08,1 year warranty,Ships in 3-5 business days,In Stock,30 days,10
353,Customizable responsive encoding,Foreign cut perform effort prove. Letter effort specific job will structure. Message second understand break hot.,audio,738.48,10.78,2.1,98,"Dickson, Hill and Williams",SKU-00353,1.49,1 year warranty,Ships in 3-5 business days,In Stock,30 days,1
354,Function-based bottom-line ability,Perform stuff star. Write save main tough difficult American him bar.,smartphones,532.17,21.36,3.49,46,Harrison LLC,SKU-00354,2.83,1 year warranty,Ships in 3-5 business days,In Stock,30 days,10
355,Implemented intangible Graphic Interface,"Station instead measure or role dog. His without understand ground. Prevent avoid water.
Significant most newspaper institution box least.",tablets,11.4,0.15,2.69,56,"Terrell, Robertson and Cruz",SKU-00355,0.96,1 year warranty,Ships in 3-5 business days,In Stock,30 days,6
356,Synchronized bi-directional archive,Ask camera education. Exist move skill contain would doctor dog.,accessories,740.47,3.47,1.3,54,Thomas-Johnson,SKU-00356,9.33,1 year warranty,Ships in 3-5 business days,In Stock,30 days,10
357,Optimized 3rdgeneration capacity,Mission develop particularly similar full. Word father factor often. Red very major sell.,accessories,683.69,22.51,3.71,14,"Harmon, Wallace and Anderson",SKU-00357,7.94,1 year warranty,Ships in 3-5 business days,In Stock,30 days,5
358,Stand-alone dynamic array,Above soldier stock pressure option agreement thank. Blood senior tree network.,smartphones,262.13,20.06,4.98,51,Juarez Group,SKU-00358,7.69,1 year warranty,Ships in 3-5 business days,In Stock,30 days,9
359,Ergonomic bandwidth-monitored function,Read town firm pass institution company will yard. Whole understand listen east let when type. Store relationship probably big.,audio,254.51,9.65,4.63,49,Moore and Sons,SKU-00359,7.11,1 year warranty,Ships in 3-5 business days,In Stock,30 days,6
360,Object-based dynamic model,Evidence or after. Bad own one. East attack everyone watch. Pay stage left house.,audio,688.6,24.17,3.97,98,"Kelly, Galvan and Hopkins",SKU-00360,4.77,1 year warranty,Ships in 3-5 business days,In Stock,30 days,5
361,Stand-alone real-time complexity,Raise computer beyond. Visit also expert become draw lot.,tablets,206.44,23.3,1.29,60,"Gordon, Mccoy and Webb",SKU-00361,5.57,1 year warranty,Ships in 3-5 business days,In Stock,30 days,9
362,Switchable actuating open system,Recent goal land general ever American. Season party technology interesting. Out discussion price.,tablets,751.89,4.89,2.5,35,"Johnson, Hernandez and Schroeder",SKU-00362,7.37,1 year warranty,Ships in 3-5 business days,In Stock,30 days,4
363,Operative demand-driven adapter,After state game minute beautiful allow.,smartphones,662.47,7.21,2.8,58,Miles LLC,SKU-00363,7.05,1 year warranty,Ships in 3-5 business days,In Stock,30 days,2
364,Virtual heuristic website,Total fear place ahead. Individual we argue section present guess. Interesting before they rich each kind. Summer wrong prove over couple.,accessories,839.76,3.04,1.59,77,"Peterson, Gutierrez and Fuentes",SKU-00364,5.44,1 year warranty,Ships in 3-5 business days,In Stock,30 days,8
365,Organic multi-state projection,"Old role discussion clearly include. Carry event seem section other. Bit near perhaps.
Follow role day pick. Still across store a doctor.",accessories,613.5,25.22,4.54,1,Wiggins-Tanner,SKU-00365,3.9,1 year warranty,Ships in 3-5 business days,In Stock,30 days,5
366,Object-based intangible frame,Edge network pull subject professional. Over economy property in appear piece site. Seat if study a perhaps force.,laptops,327.39,27.25,1.17,47,"Brown, Rodriguez and Bridges",SKU-00366,2.28,1 year warranty,Ships in 3-5 business days,In Stock,30 days,7
367,Total interactive ability,"Throughout after either step. Believe outside budget quite weight.
Summer piece drop scientist. Against consider car age become.",tablets,703.85,10.15,2.71,21,"Gardner, Tucker and Barker",SKU-00367,5.72,1 year warranty,Ships in 3-5 business days,In Stock,30 days,8
368,Sharable impactful model,Your support security ok create. Might total edge such brother. Particular race animal yourself us detail medical.,accessories,178.62,4.26,4.71,51,Brown-Miller,SKU-00368,2.01,1 year warranty,Ships in 3-5 business days,In Stock,30 days,3
369,Team-oriented 24hour help-desk,Situation board end wide material receive chance. Down watch raise whose. Catch fill relationship.,smartphones,883.32,5.8,1.76,1,Hill-Williams,SKU-00369,5.66,1 year warranty,Ships in 3-5 business days,In Stock,30 days,9
370,Versatile background core,"Strong bring wide. West section suggest current official hard.
Human imagine in by especially smile. Generation out perhaps general.",tablets,827.36,28.46,2.92,8,Cuevas-Davis,SKU-00370,8.36,1 year warranty,Ships in 3-5 business days,In Stock,30 days,10
371,Diverse composite instruction set,Course second officer word determine military husband born.,accessories,638.67,24.2,4.51,64,"Gonzalez, Moore and Horton",SKU-00371,9.53,1 year warranty,Ships in 3-5 business days,In Stock,30 days,2
372,Focused methodical open system,Some politics result moment take answer. Knowledge worker per bar tend hard wait.,accessories,617.49,4.19,3.62,15,"Howard, Adkins and Patrick",SKU-00372,7.05,1 year warranty,Ships in 3-5 business days,In Stock,30 days,2
373,Self-enabling incremental focus group,May pay entire maintain where. Of affect arm lay piece media mission state.,tablets,584.11,24.49,2.71,68,"Williams, Gallagher and Brooks",SKU-00373,7.75,1 year warranty,Ships in 3-5 business days,In Stock,30 days,9
374,Multi-tiered responsive instruction set,Staff operation both thought cup establish will. Future guess often stand hope.,laptops,581.88,6.32,2.66,71,"Peterson, Roberts and Martin",SKU-00374,7.88,1 year warranty,Ships in 3-5 business days,In Stock,30 days,3
375,Seamless discrete knowledge user,"Professor cell case then professional identify your.
We strong fact management audience. Single history rise. Discover democratic oil then.",tablets,284.9,22.43,2.85,20,Perez Group,SKU-00375,0.18,1 year warranty,Ships in 3-5 business days,In Stock,30 days,4
376,Networked radical flexibility,Would customer put too word huge. Because city economy catch.,tablets,718.97,16.25,1.37,45,Todd-Wilson,SKU-00376,5.21,1 year warranty,Ships in 3-5 business days,In Stock,30 days,10
377,Quality-focused bifurcated solution,Chance another perform show where man. Measure future evidence report safe suffer model.,tablets,859.63,21.8,2.04,9,Moore Inc,SKU-00377,4.54,1 year warranty,Ships in 3-5 business days,In Stock,30 days,3
378,Future-proofed bi-directional framework,Peace ahead share. Mention office through author source. Kind degree back surface. First owner professor design movie.,audio,680.78,27.05,1.32,15,Mccall-Baker,SKU-00378,1.81,1 year warranty,Ships in 3-5 business days,In Stock,30 days,7
379,Implemented bottom-line adapter,Local current receive tend military oil study. Really room kid surface baby.,laptops,250.31,1.56,4.05,28,Lane PLC,SKU-00379,8.5,1 year warranty,Ships in 3-5 business days,In Stock,30 days,7
380,Re-contextualized high-level hub,Trial food miss. Blue we with sort strategy.,laptops,342.79,26.54,3.23,59,Caldwell-Smith,SKU-00380,0.52,1 year warranty,Ships in 3-5 business days,In Stock,30 days,3
381,Cross-platform systematic groupware,Option find heart some soldier. Someone media popular rest. Always your act candidate speak. Officer toward put nearly his.,audio,439.1,18.06,4.71,1,"Miller, Small and Rodriguez",SKU-00381,9.28,1 year warranty,Ships in 3-5 business days,In Stock,30 days,7
382,Managed coherent focus group,Hold little morning. That statement relationship window kid consumer situation. Anyone easy popular first everything.,smartphones,411.4,20.48,4.57,56,Watkins Group,SKU-00382,5.86,1 year warranty,Ships in 3-5 business days,In Stock,30 days,4
383,Enterprise-wide high-level website,"Them bill hot south.
Possible week small next. Certainly still however.",laptops,861.5,23.96,3.26,24,Duncan Inc,SKU-00383,6.16,1 year warranty,Ships in 3-5 business days,In Stock,30 days,7
384,Self-enabling high-level support,Rich million spend return his produce. Media of material western ready certain.,smartphones,251.83,3.33,1.83,96,"Moore, Taylor and Garcia",SKU-00384,7.7,1 year warranty,Ships in 3-5 business days,In Stock,30 days,8
385,Profit-focused background structure,One season available determine score marriage cultural add.,audio,777.0,22.39,3.84,18,Martinez and Sons,SKU-00385,7.14,1 year warranty,Ships in 3-5 business days,In Stock,30 days,9
386,Synchronized maximized benchmark,Citizen yes decision own question century. Billion poor take price type wait can.,accessories,84.16,26.42,3.26,51,Roberts-Ashley,SKU-00386,3.77,1 year warranty,Ships in 3-5 business days,In Stock,30 days,10
387,Progressive local architecture,Source mind approach wrong. Do suffer road hard good sell. Our although price person member. Still here instead article.,laptops,358.01,28.14,2.23,95,"Delgado, Robinson and Miller",SKU-00387,1.63,1 year warranty,Ships in 3-5 business days,In Stock,30 days,8
388,Sharable local algorithm,Visit early risk ago bank example establish. Fly party eye though. Personal information myself safe standard.,smartphones,664.02,4.21,2.4,71,"Stokes, Reynolds and Carrillo",SKU-00388,7.66,1 year warranty,Ships in 3-5 business days,In Stock,30 days,6
389,Synchronized non-volatile function,Even from offer hit reason. Boy window sometimes specific page billion.,audio,307.8,19.47,1.17,72,Phelps-Hernandez,SKU-00389,6.28,1 year warranty,Ships in 3-5 business days,In Stock,30 days,8
390,Networked explicit pricing structure,Age interest size nation my task. Go let during western. Nature thus late form indeed prepare.,accessories,913.5,15.19,1.6,82,"Moran, Hopkins and Williams",SKU-00390,7.87,1 year warranty,Ships in 3-5 business days,In Stock,30 days,9
391,Synchronized cohesive strategy,Training thus matter most lay instead. Difference bit save.,smartphones,48.9,14.6,1.55,94,"Wright, Fox and Daniels",SKU-00391,7.17,1 year warranty,Ships in 3-5 business days,In Stock,30 days,7
392,Diverse stable projection,Affect similar exist while laugh deep suffer. Sport cup hope consider believe ability present. Big argue game think heavy seat everybody.,audio,751.14,20.08,3.27,21,Graham-James,SKU-00392,5.5,1 year warranty,Ships in 3-5 business days,In Stock,30 days,9
393,Total uniform utilization,Make bill understand speak police. Level shake deep represent. Create watch personal away force door hold.,audio,401.27,4.21,3.02,1,Bowers LLC,SKU-00393,9.16,1 year warranty,Ships in 3-5 business days,In Stock,30 days,2
394,Synchronized content-based info-mediaries,Product personal argue cup cold civil sometimes. Less model artist sign.,audio,268.61,19.85,2.87,9,Johnston-Patterson,SKU-00394,8.71,1 year warranty,Ships in 3-5 business days,In Stock,30 days,1
395,Extended global standardization,Executive decade effect almost. Everything choose trip himself name away surface next. Above rise others method work degree.,tablets,242.01,10.1,1.8,51,Harris-Thomas,SKU-00395,7.4,1 year warranty,Ships in 3-5 business days,In Stock,30 days,4
396,Total tangible algorithm,Can start picture interest cost. I whole in in voice baby shoulder effort. By order participant her level product lose. Difficult much move.,laptops,153.5,27.95,1.36,82,Jennings Group,SKU-00396,9.43,1 year warranty,Ships in 3-5 business days,In Stock,30 days,10
397,Future-proofed object-oriented projection,"Two because health get few.
Great field know future admit industry. Thousand turn network care make.",accessories,18.26,10.95,4.76,18,"Cordova, Banks and Anderson",SKU-00397,0.82,1 year warranty,Ships in 3-5 business days,In Stock,30 days,3
398,Grass-roots dynamic customer loyalty,The money situation new show positive event. Write compare peace success watch age.,tablets,877.76,21.15,4.61,46,Rivera-Pena,SKU-00398,8.45,1 year warranty,Ships in 3-5 business days,In Stock,30 days,1
399,Intuitive asynchronous complexity,Go none than true company serious. Across benefit five chair truth me. Modern morning model yes.,laptops,432.84,6.51,4.7,57,Parker-Whitehead,SKU-00399,8.54,1 year warranty,Ships in 3-5 business days,In Stock,30 days,1
400,Progressive content-based website,Material agent difference according. Few key responsibility strategy. Local power enter.,tablets,771.82,17.99,2.61,26,"Olson, Bowers and Randall",SKU-00400,0.74,1 year warranty,Ships in 3-5 business days,In Stock,30 days,5
401,Organized modular complexity,Growth interview us require color explain section PM. Girl reflect trip customer traditional reason least.,audio,151.73,20.16,2.01,17,Clark and Sons,SKU-00401,4.48,1 year warranty,Ships in 3-5 business days,In Stock,30 days,7
402,Horizontal uniform definition,Form hold still next maintain. Much buy can nice. Her science plant both thank develop interest.,laptops,241.45,24.42,4.1,20,Osborne-Harris,SKU-00402,4.55,1 year warranty,Ships in 3-5 business days,In Stock,30 days,6
403,Switchable leadingedge artificial intelligence,Have late upon collection both. Phone how pressure. This weight own board force us then group.,tablets,27.31,6.79,1.21,2,Thomas Inc,SKU-00403,5.12,1 year warranty,Ships in 3-5 business days,In Stock,30 days,7
404,Reduced stable website,If statement station by themselves. Side foreign try film news far wonder.,laptops,146.79,15.71,2.0,66,"Kaufman, Arnold and Brown",SKU-00404,4.28,1 year warranty,Ships in 3-5 business days,In Stock,30 days,1
405,Reverse-engineered non-volatile budgetary management,Figure computer particularly spend. Beautiful partner help five may general.,audio,85.7,18.37,3.93,37,Lin-Hines,SKU-00405,3.9,1 year warranty,Ships in 3-5 business days,In Stock,30 days,8
406,Multi-channeled heuristic contingency,Might he someone. Very light near accept science song than. Later recent cause standard. Easy learn often ahead for present.,smartphones,862.52,12.22,1.7,73,Turner PLC,SKU-00406,5.55,1 year warranty,Ships in 3-5 business days,In Stock,30 days,3
407,Devolved regional contingency,Performance assume everything myself. Body recognize quite evening rest sort agreement. Accept free marriage sound.,accessories,79.39,13.12,1.17,31,Hudson and Sons,SKU-00407,9.72,1 year warranty,Ships in 3-5 business days,In Stock,30 days,5
408,Expanded eco-centric task-force,Popular even discuss. Site claim training item. Fine ready time foot.,accessories,428.95,26.84,2.27,92,Martinez-Mcknight,SKU-00408,1.64,1 year warranty,Ships in 3-5 business days,In Stock,30 days,5
409,Customizable value-added task-force,Book on issue million most pick debate.,audio,280.57,6.7,2.62,29,West-Henderson,SKU-00409,1.82,1 year warranty,Ships in 3-5 business days,In Stock,30 days,7
410,Open-source demand-driven knowledgebase,"Law politics ball. Good something language after interest general.
By piece magazine western certainly. The spend condition event.",tablets,247.54,16.71,4.88,94,"Hansen, Edwards and Mccoy",SKU-00410,4.1,1 year warranty,Ships in 3-5 business days,In Stock,30 days,1
411,Reduced content-based workforce,Buy table shoulder defense image court before. Poor bad physical owner leader.,laptops,364.08,7.26,1.93,38,"Hutchinson, Powell and Kidd",SKU-00411,9.0,1 year warranty,Ships in 3-5 business days,In Stock,30 days,1
412,Enhanced bifurcated pricing structure,Usually artist technology we. Develop particular write hour feel.,smartphones,249.71,13.23,3.46,25,Forbes-Bridges,SKU-00412,4.01,1 year warranty,Ships in 3-5 business days,In Stock,30 days,8
413,Ameliorated responsive knowledge user,Say like this shake physical. South next heavy thank follow.,smartphones,873.39,1.52,2.75,55,Gregory Group,SKU-00413,7.0,1 year warranty,Ships in 3-5 business days,In Stock,30 days,3
414,Object-based exuding installation,Store environment season knowledge your consider phone. Nothing message prove scene sure wonder trip start.,audio,571.08,15.22,4.31,45,Williams-Matthews,SKU-00414,8.21,1 year warranty,Ships in 3-5 business days,In Stock,30 days,7
415,Distributed radical hierarchy,"Around risk consumer relationship speech item goal. Herself professional determine near.
Community commercial could price.",laptops,681.21,8.02,2.05,48,Mendoza PLC,SKU-00415,3.98,1 year warranty,Ships in 3-5 business days,In Stock,30 days,4
416,Intuitive radical approach,Hospital set both his he fine point director. Happy often western long that organization. Top structure help buy person deal.,accessories,995.71,29.07,3.51,35,Lester-Harper,SKU-00416,9.04,1 year warranty,Ships in 3-5 business days,In Stock,30 days,9
417,Grass-roots bandwidth-monitored benchmark,Career personal technology meet. Yes player main special recognize opportunity. Goal white seven.,audio,103.01,12.46,2.15,30,David-Richardson,SKU-00417,6.09,1 year warranty,Ships in 3-5 business days,In Stock,30 days,7
418,Re-engineered static process improvement,While like key nothing speak threat. Maintain still success fall. Suffer something easy go. Window meet PM make.,audio,35.7,4.48,3.77,92,Morris-Ferguson,SKU-00418,9.5,1 year warranty,Ships in 3-5 business days,In Stock,30 days,10
419,Devolved cohesive neural-net,"Seem idea best. Fight throw its road treat. Couple risk rise read.
Voice cup speak look keep. Help put throughout.",smartphones,897.69,4.98,1.2,25,Davenport-Sanchez,SKU-00419,0.49,1 year warranty,Ships in 3-5 business days,In Stock,30 days,5
420,Progressive human-resource architecture,Together behavior view music involve. Model conference heart. Explain control job trouble impact career. Third head rise officer make crime.,accessories,224.77,18.67,2.97,82,"Crosby, Hudson and Lucero",SKU-00420,4.75,1 year warranty,Ships in 3-5 business days,In Stock,30 days,7
421,Proactive incremental benchmark,Majority have allow back few note man. Writer describe difference same. Employee huge put same safe seem.,audio,13.9,8.44,4.39,21,Douglas Group,SKU-00421,7.25,1 year warranty,Ships in 3-5 business days,In Stock,30 days,8
422,Right-sized clear-thinking standardization,"About dog hot student. Part likely idea business family.
Reveal get seek production cause between. Character special idea including agree.",accessories,616.29,2.4,3.85,62,Mcdonald PLC,SKU-00422,1.1,1 year warranty,Ships in 3-5 business days,In Stock,30 days,8
423,Streamlined intermediate focus group,Both six level control school evidence. Blood book minute court. Painting move health center visit.,audio,566.71,23.12,1.61,27,Pena-Bishop,SKU-00423,3.07,1 year warranty,Ships in 3-5 business days,In Stock,30 days,4
424,Upgradable foreground hardware,Art attack all participant some. Race card church safe year ever feel.,accessories,510.1,8.15,4.22,53,"Goodman, Coleman and Perez",SKU-00424,7.26,1 year warranty,Ships in 3-5 business days,In Stock,30 days,10
425,Cross-platform empowering methodology,Couple one pattern garden happy. Social chance run build a voice become structure. Feeling financial half represent.,accessories,406.7,21.0,1.69,93,Baker Inc,SKU-00425,0.68,1 year warranty,Ships in 3-5 business days,In Stock,30 days,8
426,Fundamental methodical circuit,Produce rule long listen unit foot. Every college could least employee. Subject film determine manager.,tablets,208.25,16.13,3.34,97,Reeves LLC,SKU-00426,4.49,1 year warranty,Ships in 3-5 business days,In Stock,30 days,5
427,Enterprise-wide explicit application,Camera will claim season. Professor within list eight until popular describe.,smartphones,42.18,3.13,1.04,28,Blevins Ltd,SKU-00427,0.66,1 year warranty,Ships in 3-5 business days,In Stock,30 days,9
428,Pre-emptive asynchronous service-desk,Method hard level either. Charge prepare vote hope security top stand item.,audio,558.62,23.2,4.29,18,"Watkins, Pugh and Lowe",SKU-00428,9.29,1 year warranty,Ships in 3-5 business days,In Stock,30 days,7
429,Persistent multimedia analyzer,Once third organization wall federal stage who. Reason compare relate money foot.,accessories,884.35,14.38,2.57,54,"Martin, Rose and Bradford",SKU-00429,3.05,1 year warranty,Ships in 3-5 business days,In Stock,30 days,3
430,Business-focused real-time extranet,Pm born sound impact great. Positive deal paper receive. Middle simply fish ready American.,tablets,14.51,2.7,3.1,64,Adkins-Cobb,SKU-00430,1.32,1 year warranty,Ships in 3-5 business days,In Stock,30 days,7
431,Devolved regional system engine,Argue writer spring dog someone oil. Design office care gas. Stuff religious play address national others believe.,tablets,88.59,24.07,3.57,53,White-Lucero,SKU-00431,8.93,1 year warranty,Ships in 3-5 business days,In Stock,30 days,2
432,Monitored well-modulated secured line,Stop make plan deal since. Make maybe case.,smartphones,475.53,27.29,3.07,67,"Edwards, Morrison and Gibson",SKU-00432,5.52,1 year warranty,Ships in 3-5 business days,In Stock,30 days,7
433,Compatible multi-tasking framework,"Attack lead red for. Social fund heart seek such from. Sort positive fight appear purpose public.
Team common push choose. Our price include onto.",smartphones,880.36,10.19,4.61,34,Hart-Hill,SKU-00433,5.08,1 year warranty,Ships in 3-5 business days,In Stock,30 days,5
434,Open-architected uniform utilization,Nation impact control three chance summer out. Whole himself body the best. Special short administration.,accessories,419.93,27.28,1.54,50,Jones-Lewis,SKU-00434,2.3,1 year warranty,Ships in 3-5 business days,In Stock,30 days,5
435,Enhanced scalable policy,Appear season program manager enter ball create. Ahead participant expect understand case. Account live significant head.,smartphones,732.65,3.68,2.25,86,Moore-Garcia,SKU-00435,4.46,1 year warranty,Ships in 3-5 business days,In Stock,30 days,7
436,Compatible optimizing website,Day discover maybe yeah his unit make draw. Another old you major might media light.,accessories,990.1,29.47,3.64,45,"Harper, Sanchez and Morales",SKU-00436,1.42,1 year warranty,Ships in 3-5 business days,In Stock,30 days,6
437,User-centric 5thgeneration knowledgebase,How large current vote seek require above continue. Research project service. Contain something establish.,accessories,960.55,14.13,3.64,35,Carpenter Group,SKU-00437,2.61,1 year warranty,Ships in 3-5 business days,In Stock,30 days,2
438,Expanded methodical customer loyalty,Sign myself whether still follow able. To imagine choose simply perhaps happy environment. Responsibility bed chair say visit.,tablets,214.59,15.81,1.03,49,Leonard PLC,SKU-00438,1.36,1 year warranty,Ships in 3-5 business days,In Stock,30 days,10
439,Reactive logistical access,Provide report nice later. These raise per laugh information case if everyone. Age senior economy up through.,tablets,85.52,14.85,2.84,65,Travis Group,SKU-00439,1.37,1 year warranty,Ships in 3-5 business days,In Stock,30 days,3
440,Switchable full-range installation,"Itself small goal find. Produce card remember arm foreign budget.
Analysis need a participant range value seven. Effort drug against moment sign.",audio,304.11,21.64,4.76,92,Gibson-Campbell,SKU-00440,8.78,1 year warranty,Ships in 3-5 business days,In Stock,30 days,10
441,Progressive full-range methodology,Compare more history meet report century two. Vote note during treat.,accessories,497.45,0.39,3.65,82,Johnson-Payne,SKU-00441,6.92,1 year warranty,Ships in 3-5 business days,In Stock,30 days,4
442,Open-source bottom-line projection,"Treat cut idea money. News point phone traditional mean.
Will possible shoulder source available. Mother decade action.",audio,92.18,15.06,2.99,70,Hurst LLC,SKU-00442,3.53,1 year warranty,Ships in 3-5 business days,In Stock,30 days,5
443,Triple-buffered multi-state complexity,President budget song executive amount sing meet movie. Expect increase fund available whole.,laptops,885.36,13.82,2.57,26,"Rose, Johnson and Anderson",SKU-00443,8.19,1 year warranty,Ships in 3-5 business days,In Stock,30 days,2
444,Cross-platform heuristic approach,Dog special public win onto move. Apply much civil since tonight else.,accessories,467.28,13.49,3.46,52,Fernandez Ltd,SKU-00444,4.32,1 year warranty,Ships in 3-5 business days,In Stock,30 days,8
445,Sharable systematic conglomeration,"Prepare leg happen Congress main site full. Protect computer walk yard former.
Store local visit other meeting along power. He ago none generation.",laptops,714.1,6.53,4.57,11,Fox PLC,SKU-00445,8.57,1 year warranty,Ships in 3-5 business days,In Stock,30 days,6
446,User-friendly foreground collaboration,Traditional white itself experience red. Although all range. Many condition hair would. Woman marriage bill side magazine within.,audio,632.8,15.09,1.82,57,"Mcknight, Evans and Roberts",SKU-00446,5.31,1 year warranty,Ships in 3-5 business days,In Stock,30 days,5
447,Cross-platform foreground moderator,"Know art do you foreign feeling.
Decade environmental more. Third civil like can. Generation memory go eat fund.",tablets,545.42,24.14,3.94,76,Wang PLC,SKU-00447,2.06,1 year warranty,Ships in 3-5 business days,In Stock,30 days,2
448,Versatile real-time customer loyalty,Seek address cover day deal. Hair adult maybe write new better ago.,audio,793.43,9.09,2.84,26,Bryant-Rivera,SKU-00448,3.53,1 year warranty,Ships in 3-5 business days,In Stock,30 days,5
449,Centralized solution-oriented infrastructure,"Agreement worry bad society evidence positive religious.
Respond let hot market lay. Nature crime onto behavior baby name and former.",accessories,64.69,15.47,3.23,13,Austin-Rodriguez,SKU-00449,4.64,1 year warranty,Ships in 3-5 business days,In Stock,30 days,7
450,Sharable actuating forecast,Voice last general ahead under box. Government wife teach adult one. Former response other daughter sit dream ahead century.,tablets,521.27,26.15,3.91,90,"Medina, Salinas and Fisher",SKU-00450,5.4,1 year warranty,Ships in 3-5 business days,In Stock,30 days,8
451,Future-proofed 5thgeneration installation,"Like president what show.
Size bit main. Fund station finally political under very.",laptops,109.56,14.1,1.9,39,Buck Inc,SKU-00451,6.31,1 year warranty,Ships in 3-5 business days,In Stock,30 days,5
452,Re-engineered intangible archive,Without partner policy sea describe democratic fly civil. Who old analysis physical. Method dinner say dog always chance night.,smartphones,611.08,12.45,3.42,37,Curtis-Baldwin,SKU-00452,4.99,1 year warranty,Ships in 3-5 business days,In Stock,30 days,10
453,Intuitive asynchronous knowledgebase,Address man bank property why pressure. Life job skill view. Serious watch hard.,laptops,911.45,9.41,4.68,11,Peterson-Gregory,SKU-00453,7.23,1 year warranty,Ships in 3-5 business days,In Stock,30 days,7
454,Right-sized 6thgeneration matrices,Issue democratic water save. Hand trip finish election sure. Test hot wish part address. Foot dog information early.,smartphones,889.37,25.85,1.26,58,Sutton-White,SKU-00454,2.07,1 year warranty,Ships in 3-5 business days,In Stock,30 days,4
455,Team-oriented client-driven archive,May hotel vote adult yard energy hour heart.,audio,160.76,17.28,1.21,93,Vargas-Johnson,SKU-00455,2.56,1 year warranty,Ships in 3-5 business days,In Stock,30 days,7
456,Streamlined leadingedge customer loyalty,"Carry will without. Civil each wife arm.
Return yes follow bring his build. Star total of. Skin he once.",laptops,993.85,3.5,2.95,69,Taylor-Morris,SKU-00456,6.94,1 year warranty,Ships in 3-5 business days,In Stock,30 days,2
457,Robust object-oriented policy,Former hard report modern. Pay ok hear analysis.,tablets,522.44,13.62,3.09,51,Griffith-Rose,SKU-00457,4.37,1 year warranty,Ships in 3-5 business days,In Stock,30 days,10
458,Quality-focused multi-tasking framework,"Blood year account position. Only experience push upon. Pattern avoid stay begin.
Article idea throughout fill grow east fund.",smartphones,67.68,6.3,2.42,79,Morales LLC,SKU-00458,5.33,1 year warranty,Ships in 3-5 business days,In Stock,30 days,4
459,Digitized content-based adapter,Future exist detail low wait the laugh blue. Citizen lawyer low today contain impact simple. Real your away officer.,audio,900.3,2.27,4.67,32,"Jackson, Mullins and Rogers",SKU-00459,5.28,1 year warranty,Ships in 3-5 business days,In Stock,30 days,1
460,Configurable static matrix,Professional in change truth bag. Spring able third as those point behind company. Within ready hear camera.,accessories,789.49,16.58,4.05,39,"Campos, Hooper and Nolan",SKU-00460,9.23,1 year warranty,Ships in 3-5 business days,In Stock,30 days,7
461,Open-architected discrete structure,Man church education leg poor. Book group show rock. Stage per such.,accessories,285.68,11.68,1.86,66,"Thomas, Martin and Melendez",SKU-00461,4.3,1 year warranty,Ships in 3-5 business days,In Stock,30 days,3
462,Total bandwidth-monitored migration,Start style check evidence support rise budget. Perhaps now cultural discuss. Traditional bit however next article age together.,smartphones,72.2,13.29,4.4,58,Maxwell-Davis,SKU-00462,4.01,1 year warranty,Ships in 3-5 business days,In Stock,30 days,10
463,Streamlined high-level open system,"Water price city could six mission. Fine record show. Hot will technology share mean feeling image.
Green local risk.",smartphones,573.46,23.85,2.66,44,Smith-Norris,SKU-00463,0.5,1 year warranty,Ships in 3-5 business days,In Stock,30 days,1
464,Proactive tangible definition,Sense seat treat during. Heart collection education require.,tablets,210.75,8.83,2.84,13,"Gross, Cantrell and Curtis",SKU-00464,8.46,1 year warranty,Ships in 3-5 business days,In Stock,30 days,5
465,Compatible solution-oriented core,Them work none eat. Throughout project mother report arm away. Explain hear sometimes game member thus thing.,tablets,686.46,20.65,4.52,12,Church-Butler,SKU-00465,5.18,1 year warranty,Ships in 3-5 business days,In Stock,30 days,3
466,Pre-emptive logistical access,"Care daughter physical lead write condition. Film artist everybody concern important window turn.
Despite enjoy hotel.",audio,29.61,17.48,4.55,77,Patel-Goodwin,SKU-00466,2.05,1 year warranty,Ships in 3-5 business days,In Stock,30 days,7
467,Compatible holistic emulation,Paper throw red however their. Follow kid rise something.,audio,468.49,7.26,4.1,48,Clark LLC,SKU-00467,7.5,1 year warranty,Ships in 3-5 business days,In Stock,30 days,4
468,Digitized empowering synergy,Would life senior move majority. Cell decade already beat produce. Inside place business perhaps say almost try return.,accessories,791.53,5.14,2.73,16,Martinez PLC,SKU-00468,8.21,1 year warranty,Ships in 3-5 business days,In Stock,30 days,4
469,Multi-lateral national groupware,During simply play resource cut realize kind. Together school dream produce fish draw almost.,laptops,848.89,18.68,2.42,99,"Preston, Hutchinson and Reid",SKU-00469,5.5,1 year warranty,Ships in 3-5 business days,In Stock,30 days,1
470,Extended value-added help-desk,Argue garden and feeling keep. Your because how drug. I effort six under become discover difficult.,tablets,935.67,21.93,1.08,91,"Whitney, Massey and Ellis",SKU-00470,2.37,1 year warranty,Ships in 3-5 business days,In Stock,30 days,9
471,Self-enabling demand-driven core,"Although class within community experience stock myself life.
Scientist north remember hot economy community management.",smartphones,86.01,24.58,1.91,83,Yang and Sons,SKU-00471,4.11,1 year warranty,Ships in 3-5 business days,In Stock,30 days,1
472,Re-contextualized mission-critical migration,Standard suggest break quality financial girl outside. Identify data culture skill manager.,tablets,205.44,1.55,3.79,55,Johnson LLC,SKU-00472,0.84,1 year warranty,Ships in 3-5 business days,In Stock,30 days,3
473,Multi-layered contextually-based artificial intelligence,"Manage step plan let decision. Bank answer bag part act early. Spend a listen state.
Cause much town. About a Republican war thank policy create.",laptops,695.61,15.36,3.99,96,Carter-Page,SKU-00473,9.62,1 year warranty,Ships in 3-5 business days,In Stock,30 days,6
474,Reactive high-level algorithm,Recently position increase strong. Support box knowledge his physical.,laptops,119.89,1.17,1.28,31,"Hughes, Olsen and Cummings",SKU-00474,1.91,1 year warranty,Ships in 3-5 business days,In Stock,30 days,6
475,Seamless global capability,Material finally effect eye too child. Chance population travel continue hope.,tablets,476.9,12.07,3.33,56,Harrison-Hull,SKU-00475,2.49,1 year warranty,Ships in 3-5 business days,In Stock,30 days,5
476,Re-contextualized 3rdgeneration contingency,Keep right remember fight behind. Six north from voice admit term win. Time I pass serious treatment.,smartphones,413.66,17.17,3.45,15,"Greer, Henson and Medina",SKU-00476,8.27,1 year warranty,Ships in 3-5 business days,In Stock,30 days,2
477,Ergonomic grid-enabled secured line,"Institution thousand course. Its cover interesting film any adult by. Possible writer often answer town prevent.
Public whatever each scene.",smartphones,940.0,9.94,2.35,88,"White, Lee and Shepherd",SKU-00477,1.75,1 year warranty,Ships in 3-5 business days,In Stock,30 days,3
478,Re-engineered neutral core,"Begin take if prove either case issue. Who treat until back involve as away high.
Bag treatment major. House article reach more.",laptops,888.43,8.54,4.52,20,Gibson and Sons,SKU-00478,3.12,1 year warranty,Ships in 3-5 business days,In Stock,30 days,9
479,Networked human-resource pricing structure,Nor ability heavy. Science sound music hope material go. History moment memory training different realize.,laptops,884.53,25.85,4.45,57,Miller Ltd,SKU-00479,3.84,1 year warranty,Ships in 3-5 business days,In Stock,30 days,2
480,Reduced disintermediate alliance,Myself although ever perhaps. Either purpose present end goal.,accessories,29.42,0.53,2.14,12,Haynes and Sons,SKU-00480,3.24,1 year warranty,Ships in 3-5 business days,In Stock,30 days,7
481,Reactive logistical attitude,Miss PM shake explain actually discussion. Future bed rise left cover reason.,smartphones,949.61,14.5,2.85,89,Campbell-Sanders,SKU-00481,8.12,1 year warranty,Ships in 3-5 business days,In Stock,30 days,1
482,Self-enabling dynamic installation,Charge machine audience home do. Authority side box employee floor.,tablets,39.7,6.45,1.05,2,"Anderson, Dalton and Johnson",SKU-00482,6.75,1 year warranty,Ships in 3-5 business days,In Stock,30 days,3
483,Organic even-keeled collaboration,Audience central pass bank something sing. Son mention fine since resource line.,laptops,367.74,1.46,2.24,64,Watkins and Sons,SKU-00483,1.93,1 year warranty,Ships in 3-5 business days,In Stock,30 days,8
484,Persistent client-driven Graphical User Interface,Take character piece explain together almost two. Focus anything less give.,audio,295.89,12.71,1.13,94,"Lopez, Mcclure and Ramirez",SKU-00484,6.18,1 year warranty,Ships in 3-5 business days,In Stock,30 days,4
485,Open-architected static process improvement,Sing official sit try. Scientist six three message direction event.,smartphones,619.15,26.64,1.6,89,"Jones, Roberts and Webb",SKU-00485,8.65,1 year warranty,Ships in 3-5 business days,In Stock,30 days,7
486,Ergonomic system-worthy projection,"Look best born admit actually grow. Couple history within require heart value. Wonder remain person car.
Play each less.",tablets,793.92,25.01,1.89,5,Harrell-Burns,SKU-00486,6.4,1 year warranty,Ships in 3-5 business days,In Stock,30 days,6
487,Cross-platform 4thgeneration open system,Ask when industry see business. Bit religious local. Second move election meeting. Human success thank generation.,tablets,893.64,28.87,3.2,100,"Graham, Garcia and Roberts",SKU-00487,5.95,1 year warranty,Ships in 3-5 business days,In Stock,30 days,9
488,Compatible scalable application,Night magazine improve detail ok simple let interest. Hit because space week.,smartphones,611.15,18.74,3.3,8,Hunt LLC,SKU-00488,1.65,1 year warranty,Ships in 3-5 business days,In Stock,30 days,5
489,Front-line local definition,Member operation age no market key. Baby level remain purpose order. I treat husband section.,accessories,847.15,12.82,1.37,31,"Hardy, Smith and Patterson",SKU-00489,3.39,1 year warranty,Ships in 3-5 business days,In Stock,30 days,9
490,Monitored high-level secured line,"Seven hard player serve protect. Peace mission fly me above.
Because now least affect bring. Tonight sometimes rock citizen product.",accessories,215.69,29.98,2.15,60,"Dickson, Garcia and Jones",SKU-00490,5.02,1 year warranty,Ships in 3-5 business days,In Stock,30 days,7
491,Customizable regional data-warehouse,Civil authority especially job rule. Full since hot measure instead.,tablets,94.56,3.18,2.04,68,"Leonard, Jones and Camacho",SKU-00491,3.23,1 year warranty,Ships in 3-5 business days,In Stock,30 days,2
492,Enhanced intermediate solution,"Defense yes recent much especially.
Student first capital daughter case. So break whether yard. The cover different write.",accessories,584.49,14.22,3.11,35,Sexton Ltd,SKU-00492,5.38,1 year warranty,Ships in 3-5 business days,In Stock,30 days,1
493,Expanded optimal adapter,"Prove star wall contain approach charge.
Direction check spend language prepare. Character require need receive.",accessories,124.8,13.64,3.75,32,"Perry, Hansen and Nguyen",SKU-00493,9.57,1 year warranty,Ships in 3-5 business days,In Stock,30 days,7
494,User-friendly 6thgeneration protocol,Strategy somebody capital particularly western. Interest one represent door.,audio,110.79,11.62,3.95,28,Fox Ltd,SKU-00494,8.23,1 year warranty,Ships in 3-5 business days,In Stock,30 days,6
495,Optional disintermediate data-warehouse,"Free somebody no improve. Local senior guy design bag.
Personal win company reach some source. Bad name also. Character anyone training moment seek.",audio,265.29,25.2,2.04,40,"Hernandez, Russell and Nichols",SKU-00495,6.1,1 year warranty,Ships in 3-5 business days,In Stock,30 days,8
496,Operative hybrid artificial intelligence,Test because state fact. Increase risk bill natural. Activity election of treatment.,smartphones,463.38,20.66,2.81,17,"Olson, Zhang and Sims",SKU-00496,7.06,1 year warranty,Ships in 3-5 business days,In Stock,30 days,2
497,Polarized dedicated data-warehouse,Dream color positive ago throw much. Thank opportunity your approach dinner early. Section right strategy tonight space new.,tablets,199.03,22.69,4.08,62,"Tate, Taylor and Morales",SKU-00497,7.14,1 year warranty,Ships in 3-5 business days,In Stock,30 days,8
498,Organic asynchronous website,"After support threat test against face. Maybe dark heart around fear. Such show by season.
Risk set group data. Bar point skill bring condition.",laptops,543.74,22.73,4.19,19,"Maldonado, Wallace and Pearson",SKU-00498,3.15,1 year warranty,Ships in 3-5 business days,In Stock,30 days,6
499,Pre-emptive 4thgeneration help-desk,Do name leave avoid. Sit successful treat girl as into.,tablets,788.2,10.13,4.68,24,Lynch-Gordon,SKU-00499,5.88,1 year warranty,Ships in 3-5 business days,In Stock,30 days,2
500,Total analyzing methodology,Modern model piece top recent adult future. In mouth son cover ever. Continue rate herself data.,laptops,242.35,20.15,2.96,100,"Duncan, Richardson and Stuart",SKU-00500,6.22,1 year warranty,Ships in 3-5 business days,In Stock,30 days,9
501,Proactive methodical solution,Friend boy leader interest political affect rich visit. Each size for leave house until person.,audio,324.7,4.96,2.68,97,Carter-Graves,SKU-00501,4.68,1 year warranty,Ships in 3-5 business days,In Stock,30 days,4
502,Monitored homogeneous methodology,Task back Mrs cup recently military. Deep hundred green couple. Key fear standard Mr manager southern.,smartphones,322.82,6.29,3.58,51,Patterson-Beck,SKU-00502,4.25,1 year warranty,Ships in 3-5 business days,In Stock,30 days,7
503,Pre-emptive incremental Graphical User Interface,Assume political father morning later bad. Design notice put director apply entire. Our customer thank capital.,laptops,221.44,14.05,4.51,37,Williams LLC,SKU-00503,4.05,1 year warranty,Ships in 3-5 business days,In Stock,30 days,3
504,Fully-configurable real-time approach,Dog more low oil popular right machine. Community too outside form our. Before always cold fly threat.,tablets,991.8,11.09,2.76,99,Marquez-Moore,SKU-00504,5.63,1 year warranty,Ships in 3-5 business days,In Stock,30 days,2
505,Devolved client-server support,Religious site key fact. Believe fine both discussion enter clearly. Phone focus however.,accessories,914.73,20.21,4.73,96,Peterson-Delacruz,SKU-00505,6.95,1 year warranty,Ships in 3-5 business days,In Stock,30 days,7
506,Profit-focused dedicated utilization,Produce and pretty special after size.,smartphones,878.2,0.76,1.09,1,"Olson, Ochoa and Rodgers",SKU-00506,1.3,1 year warranty,Ships in 3-5 business days,In Stock,30 days,10
507,Mandatory homogeneous Internet solution,"Always professional resource specific use increase sea center.
Lose audience pull those. Tonight north commercial consumer week.",audio,23.36,4.43,4.57,21,Ruiz-Kennedy,SKU-00507,6.29,1 year warranty,Ships in 3-5 business days,In Stock,30 days,8
508,Enterprise-wide foreground hardware,Open just value television rise. Before each population hope remember staff. Cup situation program good.,smartphones,932.37,25.19,1.32,9,Glenn Ltd,SKU-00508,3.0,1 year warranty,Ships in 3-5 business days,In Stock,30 days,3
509,Triple-buffered composite secured line,Campaign Congress company white. Authority mean general week child. Article describe only little. Rule why crime skin night.,audio,501.34,18.5,2.02,70,Lopez Group,SKU-00509,5.27,1 year warranty,Ships in 3-5 business days,In Stock,30 days,5
510,Programmable 3rdgeneration concept,"Sea could local no. Near other policy own exactly detail heavy.
Put book sing show according. All spend computer medical window finally camera.",laptops,824.49,24.86,1.85,10,"Warner, Ritter and Scott",SKU-00510,3.95,1 year warranty,Ships in 3-5 business days,In Stock,30 days,2
511,Vision-oriented scalable contingency,"Decision senior century foot technology. Open peace himself everything area music.
Bag value area purpose group its. Such it race job.",accessories,380.51,25.2,2.89,64,Smith-Herman,SKU-00511,0.93,1 year warranty,Ships in 3-5 business days,In Stock,30 days,2
512,Customizable regional task-force,"Spend right occur head others myself. Production current focus.
On series relationship where. Room second memory hot.",smartphones,609.85,26.36,2.57,5,"Mitchell, Duarte and Sharp",SKU-00512,9.55,1 year warranty,Ships in 3-5 business days,In Stock,30 days,5
513,Customer-focused background architecture,"Space admit sit perform why measure. Yes PM when. Everything apply draw wish.
Provide positive character old develop baby start.",accessories,986.56,3.63,4.54,76,Dawson-Wilson,SKU-00513,9.23,1 year warranty,Ships in 3-5 business days,In Stock,30 days,7
514,Enterprise-wide maximized Graphic Interface,Fund second federal option would good particularly. Mouth explain less sometimes herself pressure teacher. Act investment our rest nothing pass.,tablets,673.93,5.71,2.61,23,Foster-Miller,SKU-00514,7.93,1 year warranty,Ships in 3-5 business days,In Stock,30 days,6
515,Virtual homogeneous throughput,"In factor increase feeling respond guess go. Field alone woman easy case.
Most paper area.
Local bank result. Can your shake improve.",accessories,953.95,14.52,1.04,98,Thomas PLC,SKU-00515,6.27,1 year warranty,Ships in 3-5 business days,In Stock,30 days,8
516,Balanced modular knowledge user,Couple south town. Remain serious price himself. But include investment east so house.,smartphones,543.02,13.7,1.39,29,"Banks, Sexton and Johnson",SKU-00516,3.11,1 year warranty,Ships in 3-5 business days,In Stock,30 days,5
517,Universal uniform capacity,As individual top reality throughout main nor notice. Ever ago I I forget hot. Case step mention tax support alone.,laptops,32.48,4.28,1.83,30,Wallace-Ramos,SKU-00517,1.91,1 year warranty,Ships in 3-5 business days,In Stock,30 days,7
518,Assimilated contextually-based benchmark,Instead activity goal method so bad consumer even. Newspaper understand shake vote its conference.,smartphones,44.01,15.02,3.35,28,Moran Inc,SKU-00518,9.55,1 year warranty,Ships in 3-5 business days,In Stock,30 days,1
519,Expanded 24hour circuit,Language several thing bank candidate author. Control north why stock walk full instead few. Away financial day surface.,smartphones,322.34,19.82,1.05,84,Whitaker Inc,SKU-00519,4.88,1 year warranty,Ships in 3-5 business days,In Stock,30 days,5
520,Stand-alone 24/7 migration,"Heavy according white offer sport send evening work. Know determine soldier make.
Wonder sometimes long area might training firm.",smartphones,337.35,18.36,3.73,43,"Young, Anderson and Shaw",SKU-00520,0.14,1 year warranty,Ships in 3-5 business days,In Stock,30 days,10
521,Profound impactful moratorium,Best small pretty television fear. Free sign story service account police. Near ok case way.,tablets,76.25,5.2,3.53,32,Johnston Inc,SKU-00521,9.53,1 year warranty,Ships in 3-5 business days,In Stock,30 days,2
522,Synchronized dedicated pricing structure,Detail because certainly happen. Himself senior financial middle lead assume might. Night building get campaign I middle late.,accessories,946.1,12.69,1.55,7,Nelson-Mahoney,SKU-00522,2.86,1 year warranty,Ships in 3-5 business days,In Stock,30 days,6
523,Robust systematic productivity,Answer character throw woman continue. Cup tell prepare. Floor have piece have anything cost which. Deal like great send.,laptops,405.54,21.26,4.8,16,Douglas-Abbott,SKU-00523,6.81,1 year warranty,Ships in 3-5 business days,In Stock,30 days,3
524,Implemented zero-defect secured line,Cover treat rate into particularly huge. Policy tonight rich truth phone discover. Share chance strategy gas.,tablets,776.51,1.5,2.56,3,"Jenkins, Li and Robinson",SKU-00524,4.73,1 year warranty,Ships in 3-5 business days,In Stock,30 days,9
525,De-engineered eco-centric workforce,Student house create probably. Six edge minute. Couple both officer not prevent.,audio,107.64,8.05,1.69,16,Bridges-Pena,SKU-00525,1.27,1 year warranty,Ships in 3-5 business days,In Stock,30 days,6
526,Universal full-range intranet,Discover actually more view finish significant number. Design technology clearly clear around. To create camera music accept owner.,accessories,215.0,20.49,1.48,68,"Whitney, Norman and Little",SKU-00526,4.84,1 year warranty,Ships in 3-5 business days,In Stock,30 days,9
527,Reactive full-range analyzer,Yeah behavior performance arm. Product agree others answer customer those building.,accessories,72.02,28.83,4.2,0,Simmons Ltd,SKU-00527,5.34,1 year warranty,Ships in 3-5 business days,In Stock,30 days,4
528,Exclusive system-worthy challenge,Red family college amount responsibility dark. Someone deal half choose that. Hour remember upon standard room across.,laptops,11.62,18.48,2.36,6,Hernandez-Keith,SKU-00528,3.37,1 year warranty,Ships in 3-5 business days,In Stock,30 days,5
529,Re-contextualized transitional methodology,Agreement maintain call thought kid any get. Marriage cover stand today assume. Newspaper plan could across on.,tablets,501.44,19.62,2.49,0,Morgan Ltd,SKU-00529,9.13,1 year warranty,Ships in 3-5 business days,In Stock,30 days,8
530,Optional user-facing hardware,Character final step light research not social. My back politics beautiful picture.,audio,961.83,3.43,2.44,93,"Munoz, Williams and Goodman",SKU-00530,8.67,1 year warranty,Ships in 3-5 business days,In Stock,30 days,1
531,User-centric 6thgeneration implementation,Represent sound able old save my. Month state manage half leader who.,accessories,407.61,14.41,3.2,23,Hill-Hawkins,SKU-00531,7.42,1 year warranty,Ships in 3-5 business days,In Stock,30 days,2
532,Multi-tiered discrete contingency,Exist mission treatment likely need baby likely. Fire blood maintain happen base rest.,laptops,747.4,16.35,2.76,61,Manning-Brooks,SKU-00532,0.32,1 year warranty,Ships in 3-5 business days,In Stock,30 days,2
533,Streamlined background capacity,Letter fund trial size worker. American probably later information paper.,tablets,655.83,14.55,3.16,12,Richardson-Mitchell,SKU-00533,3.22,1 year warranty,Ships in 3-5 business days,In Stock,30 days,3
534,Down-sized intermediate customer loyalty,"Do quickly able.
Mouth only evidence nation street. Although stuff with specific bag stop marriage. That agreement whether family story attorney.",audio,48.76,14.06,3.05,41,Blake-Brown,SKU-00534,8.84,1 year warranty,Ships in 3-5 business days,In Stock,30 days,8
535,Progressive analyzing circuit,Dark community throughout property wish south cause. Paper serve down because already recognize. Let state small bit page argue.,tablets,639.12,1.84,3.11,97,Miller Ltd,SKU-00535,1.65,1 year warranty,Ships in 3-5 business days,In Stock,30 days,10
536,Assimilated disintermediate emulation,Concern hope sing adult party evening. Sing rich machine smile true prepare. Or why avoid control its process word.,tablets,195.61,7.71,2.06,44,"Cole, Reid and Gilbert",SKU-00536,1.14,1 year warranty,Ships in 3-5 business days,In Stock,30 days,8
537,Down-sized uniform middleware,Relate produce ever lot look success. Former reduce no record customer fact number find. Second upon not final.,accessories,831.63,19.04,2.11,53,Hebert-Wright,SKU-00537,5.06,1 year warranty,Ships in 3-5 business days,In Stock,30 days,3
538,Business-focused zero administration orchestration,Street environmental property support. Game produce door board firm. Visit some increase decision way low.,laptops,783.71,1.04,1.23,94,Barnett-Lam,SKU-00538,3.11,1 year warranty,Ships in 3-5 business days,In Stock,30 days,6
539,Synergistic executive customer loyalty,"Owner executive interview under. We test sit likely east later.
Can fear look can already security these. Along raise family partner arrive pretty.",smartphones,509.44,27.98,2.75,64,"Cohen, Garcia and Morrow",SKU-00539,2.16,1 year warranty,Ships in 3-5 business days,In Stock,30 days,6
540,Multi-channeled holistic standardization,"Well support attention. Clear feeling city shoulder federal.
Increase from wonder. There compare character paper ahead family.",smartphones,183.41,1.22,3.58,5,Ortega PLC,SKU-00540,5.53,1 year warranty,Ships in 3-5 business days,In Stock,30 days,5
541,Open-source local hierarchy,"Onto for miss resource always. Cup summer coach generation.
Collection within show child identify thought. Become tough area report.",accessories,584.36,16.92,2.78,50,Holland Group,SKU-00541,3.79,1 year warranty,Ships in 3-5 business days,In Stock,30 days,9
542,Vision-oriented demand-driven adapter,Voice another do country attorney question use over. Happy central various.,smartphones,226.04,26.74,4.33,47,Newman-White,SKU-00542,2.63,1 year warranty,Ships in 3-5 business days,In Stock,30 days,1
543,Multi-channeled responsive benchmark,Light space morning if read. Structure total perform again treatment.,accessories,716.35,25.14,4.81,87,Ryan-Miller,SKU-00543,9.25,1 year warranty,Ships in 3-5 business days,In Stock,30 days,10
544,Function-based hybrid website,Wife boy marriage school idea school across. Sister position save professor career red wear. Bit dark ago fill.,smartphones,694.29,10.26,1.41,6,"Williams, Glenn and Crawford",SKU-00544,4.33,1 year warranty,Ships in 3-5 business days,In Stock,30 days,6
545,Innovative value-added policy,Unit me someone study. Animal already area land the example visit after. Rock local summer heart away foot.,smartphones,812.17,21.46,1.67,56,"Hall, Lee and Nguyen",SKU-00545,1.88,1 year warranty,Ships in 3-5 business days,In Stock,30 days,10
546,Self-enabling system-worthy flexibility,"Peace foot language establish call history science. Arm door guy message.
Heart computer meeting front. Picture meet wrong of.",tablets,282.39,26.47,4.72,25,Washington-Parker,SKU-00546,5.64,1 year warranty,Ships in 3-5 business days,In Stock,30 days,8
547,Extended demand-driven website,Yes professional choice level magazine image. Forward into how. Section term sit federal none rise.,smartphones,651.68,17.65,2.78,6,Collins-Weber,SKU-00547,8.63,1 year warranty,Ships in 3-5 business days,In Stock,30 days,6
548,Optimized cohesive knowledgebase,Not technology give social factor painting. Join point sort southern must dog citizen. Sing forget enough nation action face gas consider.,smartphones,590.44,25.83,3.03,7,"Rodriguez, Spencer and Perez",SKU-00548,1.92,1 year warranty,Ships in 3-5 business days,In Stock,30 days,3
549,Networked high-level product,"Us kid individual within. School home you offer operation collection. Ago age recently blood goal shoulder.
Offer bad officer.",accessories,528.47,3.97,2.46,0,Vasquez Inc,SKU-00549,6.96,1 year warranty,Ships in 3-5 business days,In Stock,30 days,7
550,Distributed web-enabled utilization,Mind Mr staff play whether set. Spring end TV party talk remain argue. Street record much catch need.,accessories,192.19,23.91,2.44,52,Mitchell PLC,SKU-00550,2.02,1 year warranty,Ships in 3-5 business days,In Stock,30 days,7
551,Ameliorated contextually-based open architecture,Down small part entire miss radio. Similar suggest floor. Win we others special purpose.,tablets,977.13,24.75,4.87,36,Young Group,SKU-00551,9.06,1 year warranty,Ships in 3-5 business days,In Stock,30 days,4
552,Upgradable bandwidth-monitored collaboration,Paper wrong chair late. Believe stock provide article week. Traditional skill threat against ten whole.,accessories,746.13,14.22,1.71,85,"Davis, Garcia and Sexton",SKU-00552,0.16,1 year warranty,Ships in 3-5 business days,In Stock,30 days,1
553,Enhanced cohesive adapter,Majority news budget teach economy child run perform. Yourself understand money forward.,laptops,634.62,3.57,1.38,49,Moreno Inc,SKU-00553,2.46,1 year warranty,Ships in 3-5 business days,In Stock,30 days,6
554,Intuitive interactive emulation,Across feeling prepare picture. Better environmental alone course able.,accessories,455.45,22.16,2.75,6,Odom LLC,SKU-00554,5.82,1 year warranty,Ships in 3-5 business days,In Stock,30 days,10
555,Balanced optimal hub,"For cause half. Represent leader management whose remember grow.
Total nearly its. Party card energy be. Evidence girl prevent general point senior.",laptops,994.36,3.71,2.82,93,"Hernandez, Garrison and Jimenez",SKU-00555,9.28,1 year warranty,Ships in 3-5 business days,In Stock,30 days,7
556,Organic even-keeled knowledgebase,Audience itself western. Join across table. North gas raise member. May other who.,accessories,272.79,27.7,3.51,41,Goodwin Ltd,SKU-00556,4.23,1 year warranty,Ships in 3-5 business days,In Stock,30 days,1
557,Cross-group next generation extranet,Rate perhaps subject west PM billion. Five source Congress. Price enter majority seat seat western concern.,accessories,552.12,28.5,2.11,11,Ryan and Sons,SKU-00557,4.72,1 year warranty,Ships in 3-5 business days,In Stock,30 days,1
558,Cross-platform systemic ability,Alone evening yard moment morning. During against enough become together. Condition upon four collection.,smartphones,89.99,13.89,4.32,14,Hodges and Sons,SKU-00558,3.3,1 year warranty,Ships in 3-5 business days,In Stock,30 days,10
559,Reverse-engineered clear-thinking application,Hard decade accept type.,tablets,328.8,10.04,2.86,83,Barnes-Stephens,SKU-00559,6.48,1 year warranty,Ships in 3-5 business days,In Stock,30 days,2
560,Devolved exuding synergy,So yeah look half picture or politics cause.,tablets,988.64,23.23,3.18,4,"Jackson, Silva and Hamilton",SKU-00560,2.29,1 year warranty,Ships in 3-5 business days,In Stock,30 days,9
561,Object-based fault-tolerant matrix,Between again chance according eat. Exactly will candidate be push economic. Western teach support. House enter successful receive out.,accessories,607.94,25.92,1.63,2,Foster-Evans,SKU-00561,5.18,1 year warranty,Ships in 3-5 business days,In Stock,30 days,8
562,Synergized optimal extranet,"Watch that open offer. About manage perhaps loss.
Fact write price seven along behavior movement. Job mention cut production evening individual.",accessories,878.98,29.45,2.93,40,Lee PLC,SKU-00562,9.3,1 year warranty,Ships in 3-5 business days,In Stock,30 days,6
563,Self-enabling zero-defect budgetary management,Economy suffer growth whatever candidate important different. Author sure despite still. Change take growth dog bank always possible.,audio,198.41,27.64,1.06,73,"Smith, Grant and Scott",SKU-00563,3.82,1 year warranty,Ships in 3-5 business days,In Stock,30 days,2
564,Multi-tiered reciprocal instruction set,Southern meet own. Moment whether test meet brother. Clearly those fall person material actually my.,smartphones,304.96,4.24,2.47,21,Washington PLC,SKU-00564,5.02,1 year warranty,Ships in 3-5 business days,In Stock,30 days,8
565,Open-source interactive open architecture,Quite meet easy give. Commercial beautiful almost. Name perform make become.,tablets,250.07,23.08,2.66,25,"Cooper, Tucker and Paul",SKU-00565,0.91,1 year warranty,Ships in 3-5 business days,In Stock,30 days,4
566,Ameliorated human-resource array,"Yet painting him there computer base international. Admit executive over exactly game.
Commercial sport might indicate fine throughout.",accessories,525.06,5.28,3.5,30,Henderson Inc,SKU-00566,8.71,1 year warranty,Ships in 3-5 business days,In Stock,30 days,1
567,Realigned stable conglomeration,"Meet dark bit never sound remember.
Firm Mrs crime yes well professor nice yard. Record college across traditional sure nature situation particular.",laptops,104.47,11.33,1.1,10,"Johnson, Faulkner and Juarez",SKU-00567,1.99,1 year warranty,Ships in 3-5 business days,In Stock,30 days,2
568,Assimilated local strategy,"Social own prove. Us rate company from. Accept prevent religious.
Quality blue size quite two worker bring.",audio,824.91,18.49,4.1,56,Duncan Inc,SKU-00568,8.49,1 year warranty,Ships in 3-5 business days,In Stock,30 days,5
569,Multi-channeled client-driven pricing structure,Itself enjoy enter yes read. Financial occur west benefit man avoid magazine.,smartphones,406.02,27.26,4.84,76,Walls-Schneider,SKU-00569,5.51,1 year warranty,Ships in 3-5 business days,In Stock,30 days,3
570,Versatile client-driven infrastructure,"After wish attack music short reach issue. Future project attention weight.
Miss move enjoy training place build her organization.",accessories,971.39,25.73,3.2,79,Smith Group,SKU-00570,1.96,1 year warranty,Ships in 3-5 business days,In Stock,30 days,2
571,Triple-buffered tertiary open system,"Office else risk prove. Indicate bill out game where realize.
Director whose operation positive will enter. Meet fine foot involve.",accessories,515.25,10.5,4.87,3,"Ramos, Morrison and Lopez",SKU-00571,1.51,1 year warranty,Ships in 3-5 business days,In Stock,30 days,2
572,Balanced optimizing time-frame,"Fire expect happen energy southern safe. Bring huge the party reduce cover.
Ready training thought. Current single high per note discuss security.",accessories,693.83,14.38,2.5,80,Mccoy Ltd,SKU-00572,1.6,1 year warranty,Ships in 3-5 business days,In Stock,30 days,10
573,Upgradable full-range orchestration,"Song body result others memory reduce. Almost remember himself eye.
Need give behavior situation. Century modern not else.",accessories,777.02,21.52,4.09,89,"Smith, Mccarty and Taylor",SKU-00573,2.52,1 year warranty,Ships in 3-5 business days,In Stock,30 days,3
574,Object-based local array,"Human have realize decision nearly. Evidence put hand task.
Writer her he describe. Travel gun field poor machine.
Choose scientist television.",tablets,591.49,14.52,3.85,22,"Huerta, Crawford and Figueroa",SKU-00574,8.53,1 year warranty,Ships in 3-5 business days,In Stock,30 days,2
575,Virtual 24hour software,Large involve mission. Morning consider make. First report he idea board.,accessories,87.97,12.38,2.86,25,Brooks Ltd,SKU-00575,4.3,1 year warranty,Ships in 3-5 business days,In Stock,30 days,10
576,Fully-configurable well-modulated workforce,Yourself really blood cultural continue. Defense new contain carry game. Heavy third single yet author first performance.,audio,527.75,24.73,1.95,39,Moyer-Holden,SKU-00576,8.96,1 year warranty,Ships in 3-5 business days,In Stock,30 days,2
577,Centralized motivating ability,Cause feeling price professor wish religious skin. Yourself simple civil low born moment ok clear. Scientist significant her door drive some.,audio,394.84,20.23,1.04,14,"Terrell, Chavez and Cobb",SKU-00577,8.05,1 year warranty,Ships in 3-5 business days,In Stock,30 days,8
578,Diverse foreground knowledge user,"Despite official expect ask.
Organization check can pattern value. Ask alone however none hold hand quite.",accessories,965.36,5.24,2.81,65,James-White,SKU-00578,0.9,1 year warranty,Ships in 3-5 business days,In Stock,30 days,6
579,Diverse didactic monitoring,Court office several business soon especially. Charge civil family author. Attention impact Congress discussion.,tablets,534.78,0.76,1.44,55,Hester-Martinez,SKU-00579,3.85,1 year warranty,Ships in 3-5 business days,In Stock,30 days,5
580,Future-proofed systematic superstructure,Success get your situation field create. Purpose enter sit kid.,accessories,266.74,27.73,4.96,73,Camacho and Sons,SKU-00580,3.28,1 year warranty,Ships in 3-5 business days,In Stock,30 days,1
581,Triple-buffered systematic function,Better without store. Determine TV nothing walk. It tough short country.,tablets,900.61,16.33,2.31,51,Willis-Flores,SKU-00581,5.08,1 year warranty,Ships in 3-5 business days,In Stock,30 days,5
582,Optional grid-enabled projection,Speech within entire community. Trade set particularly thus fall better. Collection feel use question region.,tablets,599.7,18.24,4.16,62,"Bennett, Arnold and Jones",SKU-00582,4.49,1 year warranty,Ships in 3-5 business days,In Stock,30 days,10
583,Realigned value-added Graphical User Interface,Experience spend bill off. Break year chair treat doctor. Six before close democratic. Them international purpose create across let believe.,smartphones,164.81,6.82,4.99,54,Pitts PLC,SKU-00583,5.21,1 year warranty,Ships in 3-5 business days,In Stock,30 days,7
584,User-friendly foreground hardware,College product wait fast worry believe production. Wall because front course offer prevent. Their environment order throughout case lead.,laptops,399.22,8.61,4.1,10,"Best, Porter and Berger",SKU-00584,1.29,1 year warranty,Ships in 3-5 business days,In Stock,30 days,5
585,Centralized grid-enabled synergy,Involve stage can drive lawyer blood game few. Arm teacher letter well husband the suddenly. Represent painting plan understand.,accessories,433.13,20.86,4.22,87,Lutz Ltd,SKU-00585,0.32,1 year warranty,Ships in 3-5 business days,In Stock,30 days,7
586,Configurable eco-centric intranet,"Apply blood leg. Campaign late fall. Skill nation dog.
Report from character democratic bag decade.",smartphones,503.67,7.02,3.98,74,"White, Carson and Garcia",SKU-00586,4.72,1 year warranty,Ships in 3-5 business days,In Stock,30 days,6
587,Secured responsive superstructure,Military worry music war who catch. Would people direction.,accessories,846.54,3.1,1.56,70,"Butler, Roberts and Lin",SKU-00587,6.51,1 year warranty,Ships in 3-5 business days,In Stock,30 days,6
588,Synchronized value-added analyzer,Decade always open page adult these. Explain husband save hear local. Last a bag agree result share want. Understand technology ok moment ready why.,smartphones,200.44,10.45,4.9,88,Smith-Cole,SKU-00588,9.71,1 year warranty,Ships in 3-5 business days,In Stock,30 days,3
589,Centralized stable policy,Writer family campaign life. Debate office body church activity Congress article compare.,audio,622.76,27.85,4.3,52,"Hernandez, Holder and Wang",SKU-00589,2.31,1 year warranty,Ships in 3-5 business days,In Stock,30 days,10
590,Grass-roots grid-enabled superstructure,Report investment pretty writer medical move himself food. Ahead how wait visit ever fine.,tablets,363.96,24.18,4.04,22,"Patterson, Pitts and Hess",SKU-00590,1.69,1 year warranty,Ships in 3-5 business days,In Stock,30 days,3
591,Persistent hybrid emulation,Add interest age receive month against sure. Tax rise mouth front under government them very. Provide news owner. News woman age woman suggest.,laptops,740.02,16.73,1.52,75,Wilson Ltd,SKU-00591,2.03,1 year warranty,Ships in 3-5 business days,In Stock,30 days,9
592,Object-based grid-enabled portal,Employee world natural night care. Choice party simply rather young none day. Whether professor sound become out.,audio,999.91,3.35,3.75,62,Miller Group,SKU-00592,7.11,1 year warranty,Ships in 3-5 business days,In Stock,30 days,8
593,Secured eco-centric Graphic Interface,Business fast right detail. Thought heavy raise husband country. Good task great bit word instead hair reflect.,audio,145.92,4.27,1.21,63,Gonzalez LLC,SKU-00593,1.31,1 year warranty,Ships in 3-5 business days,In Stock,30 days,5
594,Implemented national capacity,System responsibility responsibility role kitchen player. Trip relate meet boy. Wall bag born full seem share.,tablets,82.57,1.18,4.71,52,Murphy-Lee,SKU-00594,4.47,1 year warranty,Ships in 3-5 business days,In Stock,30 days,5
595,Universal foreground Local Area Network,Television trip down coach thing sort just. See edge event bit. Remain remember exist feel production sit.,audio,13.06,19.59,4.75,91,"Cunningham, Copeland and Weber",SKU-00595,8.61,1 year warranty,Ships in 3-5 business days,In Stock,30 days,10
596,Compatible radical utilization,"Tree expert begin. Us knowledge product.
Benefit give up education. Believe ok success control official. Democrat federal though local.",laptops,490.35,7.95,2.35,34,Stevens-Villarreal,SKU-00596,7.23,1 year warranty,Ships in 3-5 business days,In Stock,30 days,6
597,Profound foreground firmware,Article through throughout to trip police. More probably break will. Pattern part late throw house still miss.,smartphones,495.17,12.86,3.01,55,Johnson-Walker,SKU-00597,8.68,1 year warranty,Ships in 3-5 business days,In Stock,30 days,7
598,Business-focused logistical throughput,These win always choose face. While degree resource TV turn situation visit. Various modern hold down red prevent civil generation.,tablets,179.54,20.52,4.03,70,Aguilar Ltd,SKU-00598,1.44,1 year warranty,Ships in 3-5 business days,In Stock,30 days,3
599,Triple-buffered transitional focus group,"Style theory already wait his government. Ten page any anyone form.
Billion dog bit expert get by.",laptops,842.63,22.1,1.04,68,Meyer-Foster,SKU-00599,7.1,1 year warranty,Ships in 3-5 business days,In Stock,30 days,4
600,Profound real-time open system,"Sort person contain ahead buy. Whom between whether statement.
Agree camera dog arm. Affect born clear newspaper state treat.",laptops,905.77,25.41,2.45,99,Campbell LLC,SKU-00600,7.82,1 year warranty,Ships in 3-5 business days,In Stock,30 days,5
601,Enhanced didactic strategy,Agree let participant only little. I stage technology other design he gun.,accessories,91.51,23.15,3.6,30,Walker-Faulkner,SKU-00601,4.48,1 year warranty,Ships in 3-5 business days,In Stock,30 days,10
602,Networked value-added service-desk,Especially action gas speech nature action. Second conference including late prove according treatment firm.,audio,143.01,20.54,3.38,72,"Sanders, Lopez and Stevenson",SKU-00602,8.67,1 year warranty,Ships in 3-5 business days,In Stock,30 days,10
603,Enterprise-wide system-worthy open architecture,War environment whole every. Response goal kind capital. Green make hope picture break later.,laptops,54.08,8.22,1.3,24,Lee Inc,SKU-00603,4.0,1 year warranty,Ships in 3-5 business days,In Stock,30 days,5
604,Devolved zero-defect array,Imagine near that side allow I fact. Matter wear own shake word try investment. Section effect far beautiful camera member star.,smartphones,251.85,21.92,3.3,83,Whitaker Ltd,SKU-00604,8.28,1 year warranty,Ships in 3-5 business days,In Stock,30 days,10
605,Networked dedicated website,Place plan none six. College work wall rock least change wait and. Study meet enter operation.,accessories,984.38,17.36,3.01,69,Burke Ltd,SKU-00605,9.49,1 year warranty,Ships in 3-5 business days,In Stock,30 days,6
606,Balanced directional info-mediaries,Significant travel project open. Important firm happy place fire. Cause policy federal. Century feeling task will west make.,audio,543.74,23.69,3.82,80,Jones-Bowers,SKU-00606,5.61,1 year warranty,Ships in 3-5 business days,In Stock,30 days,8
607,Reactive optimal application,"Eat fact song require. Office bank the rule party wear name.
Story per crime citizen lot. Various leader can late under.",tablets,830.9,10.33,3.74,7,"Fry, Gibson and Stanton",SKU-00607,5.37,1 year warranty,Ships in 3-5 business days,In Stock,30 days,6
608,Object-based fresh-thinking Graphic Interface,"Drive whether beyond group pattern garden. Next important receive whom.
Keep issue yourself debate short road. Information contain and newspaper.",accessories,223.59,5.31,3.14,3,"Reid, Fisher and Serrano",SKU-00608,1.39,1 year warranty,Ships in 3-5 business days,In Stock,30 days,6
609,Face-to-face context-sensitive workforce,Yes economic door easy charge reflect certain. Answer education determine send environment history agent. Office learn tough here million.,smartphones,266.54,14.92,3.79,57,Morales Ltd,SKU-00609,0.87,1 year warranty,Ships in 3-5 business days,In Stock,30 days,6
610,Mandatory maximized projection,Protect will nation local. Opportunity increase trade production.,accessories,270.93,8.97,1.18,43,Mercado PLC,SKU-00610,2.7,1 year warranty,Ships in 3-5 business days,In Stock,30 days,3
611,Switchable 3rdgeneration firmware,Sing room best task play government themselves. Sit style bill contain agree.,laptops,948.13,2.2,4.72,91,Davenport-Williams,SKU-00611,9.84,1 year warranty,Ships in 3-5 business days,In Stock,30 days,8
612,Self-enabling 3rdgeneration encoding,Society day rest off knowledge catch. Agreement admit policy personal radio. American like decade manage country high.,accessories,996.25,7.03,3.78,1,Thomas-Scott,SKU-00612,8.89,1 year warranty,Ships in 3-5 business days,In Stock,30 days,6
613,Secured incremental solution,"Write white above beat before herself yet. Positive difference child but successful church.
Offer officer laugh candidate cut.",audio,688.05,26.32,2.67,71,Walsh-Page,SKU-00613,0.9,1 year warranty,Ships in 3-5 business days,In Stock,30 days,1
614,Phased client-driven open system,Good Republican always. Politics radio though. Century ground check hot that notice report American.,accessories,425.99,21.82,3.52,78,Turner and Sons,SKU-00614,5.04,1 year warranty,Ships in 3-5 business days,In Stock,30 days,1
615,Proactive intermediate flexibility,Air recently fight college Republican administration. Near could training blue manager green. Respond cell can college alone.,accessories,962.22,20.48,4.77,91,Spencer-Lamb,SKU-00615,6.18,1 year warranty,Ships in 3-5 business days,In Stock,30 days,3
616,Re-engineered asynchronous productivity,Yet their question yeah dinner music. Sea identify top let military management. Front senior around health available always.,laptops,289.02,4.87,3.98,69,"Smith, Cameron and Hooper",SKU-00616,1.76,1 year warranty,Ships in 3-5 business days,In Stock,30 days,9
617,User-friendly bottom-line instruction set,Notice group later contain season which. Successful war reduce article affect view. Anything care always top rise campaign.,audio,429.96,0.87,2.5,96,"Ruiz, Collins and Fowler",SKU-00617,6.37,1 year warranty,Ships in 3-5 business days,In Stock,30 days,5
618,Future-proofed needs-based throughput,Table I first five clearly budget to. Scientist investment police time. Hospital may day computer check figure a.,audio,680.34,4.29,4.5,42,Hayes-Jackson,SKU-00618,2.09,1 year warranty,Ships in 3-5 business days,In Stock,30 days,6
619,Optional client-driven capability,Reality which himself attorney food agree loss another. Kid what state himself she.,smartphones,817.06,18.74,4.24,17,Levine LLC,SKU-00619,4.93,1 year warranty,Ships in 3-5 business days,In Stock,30 days,1
620,Self-enabling asynchronous success,Common only sit then loss life me. Choice her show without wait picture both. Figure write learn them significant tonight detail.,audio,608.68,29.54,1.3,17,Hernandez Ltd,SKU-00620,9.78,1 year warranty,Ships in 3-5 business days,In Stock,30 days,2
621,Triple-buffered zero administration moratorium,"Way wide son ground movie. Market serious easy theory human.
Matter third itself final really. Involve subject business. Grow rich vote offer he.",laptops,727.43,10.76,3.31,25,Simmons Group,SKU-00621,7.34,1 year warranty,Ships in 3-5 business days,In Stock,30 days,4
622,Organic regional workforce,Artist perhaps information magazine. Forward back from whole.,laptops,631.2,27.59,3.28,25,Gibson Ltd,SKU-00622,7.8,1 year warranty,Ships in 3-5 business days,In Stock,30 days,2
623,Upgradable needs-based functionalities,Goal fill during bit Democrat. Learn stuff standard plant. Science across sing picture.,audio,686.03,7.09,3.97,18,English PLC,SKU-00623,4.9,1 year warranty,Ships in 3-5 business days,In Stock,30 days,1
624,Adaptive dedicated system engine,Notice memory floor share out evidence option. Institution president always process call wind over. Cause interest building body tend live lawyer.,audio,409.79,23.72,1.01,53,Keller-Villegas,SKU-00624,6.27,1 year warranty,Ships in 3-5 business days,In Stock,30 days,10
625,Virtual static strategy,Themselves candidate third consumer to return. Seek successful act. Approach country hit prepare.,audio,490.28,17.27,4.05,54,Cunningham and Sons,SKU-00625,0.86,1 year warranty,Ships in 3-5 business days,In Stock,30 days,9
626,Public-key grid-enabled support,Unit dark local financial case very. Often like she religious whole unit.,smartphones,816.22,15.98,1.17,32,Acosta-Brown,SKU-00626,7.68,1 year warranty,Ships in 3-5 business days,In Stock,30 days,8
627,Distributed 5thgeneration database,"Lead key audience. Idea until oil whatever. Ability material now director society action number.
Section century truth form series yeah well.",accessories,772.74,22.52,2.41,98,Mcintyre-Williams,SKU-00627,4.12,1 year warranty,Ships in 3-5 business days,In Stock,30 days,2
628,Adaptive empowering synergy,Loss add especially you middle answer realize prepare. Stuff dinner force unit employee.,audio,54.36,25.55,1.27,27,Patton-Lawrence,SKU-00628,2.87,1 year warranty,Ships in 3-5 business days,In Stock,30 days,4
629,Face-to-face responsive circuit,More suffer expert that. Later take although rock nation month many service. Quite human traditional prevent do along family.,smartphones,32.75,2.45,3.89,58,Lawrence-Stanley,SKU-00629,4.94,1 year warranty,Ships in 3-5 business days,In Stock,30 days,8
630,User-friendly asynchronous encryption,Detail half Democrat American particular situation. Question determine company improve.,tablets,557.43,6.78,2.14,84,Carroll Group,SKU-00630,1.03,1 year warranty,Ships in 3-5 business days,In Stock,30 days,10
631,Networked 24hour archive,Value population knowledge affect ready thought fill. Painting customer break prevent together let politics.,audio,328.84,2.66,1.09,76,Green-Gaines,SKU-00631,6.55,1 year warranty,Ships in 3-5 business days,In Stock,30 days,2
632,Multi-lateral systematic model,Create middle recently feeling minute much institution. Be head image change success type quality.,tablets,461.58,6.54,4.7,11,Smith Group,SKU-00632,9.88,1 year warranty,Ships in 3-5 business days,In Stock,30 days,3
633,Pre-emptive reciprocal benchmark,"Some different question would occur compare.
Consider guy win government. Alone significant admit.",audio,482.41,2.56,2.3,19,Davis and Sons,SKU-00633,8.81,1 year warranty,Ships in 3-5 business days,In Stock,30 days,9
634,Triple-buffered full-range success,Career nearly child fine near sometimes who. Newspaper cultural write later art actually.,smartphones,518.77,21.95,4.03,28,Delacruz-Fernandez,SKU-00634,6.46,1 year warranty,Ships in 3-5 business days,In Stock,30 days,1
635,Operative attitude-oriented encoding,Project all major peace. Under character image of record.,laptops,577.29,3.07,1.4,26,Brown Ltd,SKU-00635,1.92,1 year warranty,Ships in 3-5 business days,In Stock,30 days,6
636,Expanded incremental interface,"Simple employee eat. With case item.
Thousand international before memory. Film recent church.",laptops,224.13,23.23,2.95,50,"Martin, Marshall and Moore",SKU-00636,1.54,1 year warranty,Ships in 3-5 business days,In Stock,30 days,2
637,Customer-focused tertiary groupware,Member participant form ever. About collection painting. Sport eat decision shoulder air fill. Conference style deal sure near.,tablets,228.84,7.87,4.53,81,Daniels and Sons,SKU-00637,9.34,1 year warranty,Ships in 3-5 business days,In Stock,30 days,7
638,Re-contextualized discrete concept,Inside various production effect how reflect. Newspaper pick store four see need. Board of early attorney save.,tablets,510.84,6.22,1.34,32,Faulkner-Lopez,SKU-00638,2.57,1 year warranty,Ships in 3-5 business days,In Stock,30 days,1
639,Switchable high-level archive,Firm half effect reality imagine issue large page. Eat possible strong note against. Under employee performance turn. Fund fight business.,accessories,938.4,9.82,4.9,21,"Brown, Ray and Haas",SKU-00639,3.08,1 year warranty,Ships in 3-5 business days,In Stock,30 days,4
640,Streamlined non-volatile focus group,Of beyond base federal build direction despite. Right painting already beat. Second begin determine.,laptops,808.79,9.04,2.0,17,"Pope, Adams and Lynch",SKU-00640,5.63,1 year warranty,Ships in 3-5 business days,In Stock,30 days,1
641,Focused hybrid interface,Under during five try after less daughter write. Else traditional physical floor story when.,laptops,244.99,23.45,1.46,75,"Riley, Mcintyre and Williams",SKU-00641,0.27,1 year warranty,Ships in 3-5 business days,In Stock,30 days,8
642,Universal hybrid circuit,Quite interesting movement get. Investment condition rule leg test clearly. Stuff voice attorney former hand.,audio,210.81,14.4,2.97,19,Brown-Patton,SKU-00642,3.16,1 year warranty,Ships in 3-5 business days,In Stock,30 days,4
643,Digitized asymmetric hardware,Give down wife attention. Government hour interest. Minute with try word. Rather party physical.,tablets,130.74,16.78,1.65,26,Holland-Fernandez,SKU-00643,6.99,1 year warranty,Ships in 3-5 business days,In Stock,30 days,6
644,Managed bi-directional moderator,Continue improve if by get style reduce rich. Similar now politics drive big save. Local indeed eight there debate treat.,tablets,832.24,13.11,1.82,24,Strickland-Mccarthy,SKU-00644,9.07,1 year warranty,Ships in 3-5 business days,In Stock,30 days,3
645,Vision-oriented context-sensitive secured line,Market soon movie south power discover personal. Soon rest between face condition response.,accessories,503.68,28.85,1.82,5,Johnson LLC,SKU-00645,5.08,1 year warranty,Ships in 3-5 business days,In Stock,30 days,1
646,Upgradable explicit portal,Outside then beat compare lay eye. Majority head discover capital.,smartphones,650.31,28.68,4.56,20,Strickland-Anderson,SKU-00646,4.04,1 year warranty,Ships in 3-5 business days,In Stock,30 days,10
647,Phased reciprocal contingency,Book many continue sign apply thousand military if. Common hope allow item ago. Any stop trip series news lead Democrat section.,smartphones,949.44,28.39,3.49,60,"Washington, Little and Mckay",SKU-00647,9.11,1 year warranty,Ships in 3-5 business days,In Stock,30 days,7
648,Sharable scalable methodology,"To south hundred many before.
State allow situation evening. Concern seven behavior director a. Light floor fish black board possible.",tablets,459.51,26.11,4.04,1,"Mitchell, Scott and Wood",SKU-00648,2.8,1 year warranty,Ships in 3-5 business days,In Stock,30 days,6
649,Persistent zero administration model,"Always material free believe. Carry consider religious care.
Show policy Mr method financial bed. Local mean cup any what.",audio,551.8,25.7,3.49,93,Durham-Brown,SKU-00649,4.05,1 year warranty,Ships in 3-5 business days,In Stock,30 days,10
650,Networked zero-defect Local Area Network,Range line against manager history matter per. Grow through particularly time catch.,laptops,895.79,7.74,3.38,1,Jones Ltd,SKU-00650,1.24,1 year warranty,Ships in 3-5 business days,In Stock,30 days,5
651,Enhanced user-facing info-mediaries,Suffer sort white. Rich my born he movie simply see. Join usually accept father itself already.,audio,574.38,22.08,3.68,80,Blevins-Summers,SKU-00651,2.21,1 year warranty,Ships in 3-5 business days,In Stock,30 days,10
652,Stand-alone logistical forecast,Or hand agent meeting. Enough language college too already civil director tonight. Thank station song fact.,audio,125.83,11.09,2.38,29,Smith PLC,SKU-00652,2.97,1 year warranty,Ships in 3-5 business days,In Stock,30 days,6
653,Integrated maximized middleware,Else thousand name those explain build. Grow million role certain. Need administration far training front college. Process find kid which.,accessories,809.7,14.63,4.05,63,Bryant-Peterson,SKU-00653,3.67,1 year warranty,Ships in 3-5 business days,In Stock,30 days,5
654,Optional explicit Internet solution,Stage choose onto analysis knowledge. Capital machine local value. Than behind both possible today raise trial.,tablets,975.83,19.57,4.79,24,Myers LLC,SKU-00654,1.33,1 year warranty,Ships in 3-5 business days,In Stock,30 days,9
655,Synergized disintermediate analyzer,Owner guy eye prove issue figure. Hot policy mother recently build store name.,accessories,764.13,20.4,1.76,64,Butler Group,SKU-00655,0.77,1 year warranty,Ships in 3-5 business days,In Stock,30 days,4
656,Face-to-face fault-tolerant portal,Charge poor thousand entire minute value. Design suddenly same control beyond treatment movement laugh.,laptops,504.01,10.72,3.02,60,Nelson Ltd,SKU-00656,3.26,1 year warranty,Ships in 3-5 business days,In Stock,30 days,10
657,Reactive real-time archive,Available hope cultural majority feeling energy especially area. Listen really herself its investment throughout method.,laptops,457.28,0.19,1.37,72,"Martin, Patel and Ray",SKU-00657,0.41,1 year warranty,Ships in 3-5 business days,In Stock,30 days,4
658,Customizable zero administration product,Improve else western true risk generation develop. Over rich father beyond agent reflect but.,laptops,393.17,28.02,2.61,68,Brown-Burnett,SKU-00658,0.84,1 year warranty,Ships in 3-5 business days,In Stock,30 days,5
659,Diverse demand-driven orchestration,Resource eye upon ready. Strong rest window what since.,tablets,541.65,6.74,4.1,71,Griffith Inc,SKU-00659,7.27,1 year warranty,Ships in 3-5 business days,In Stock,30 days,9
660,Synchronized intermediate ability,Hit painting example audience. Blood financial resource majority public American forget product. Life term decide data exactly.,audio,467.08,29.94,2.1,61,"Kim, Church and Simon",SKU-00660,3.21,1 year warranty,Ships in 3-5 business days,In Stock,30 days,8
661,Progressive human-resource projection,Director scientist leave paper short. Yourself individual clearly cover.,smartphones,976.51,1.6,2.74,82,Elliott Group,SKU-00661,0.2,1 year warranty,Ships in 3-5 business days,In Stock,30 days,1
662,Grass-roots 3rdgeneration middleware,Fly team perform time huge check level. Will chair perform good strategy result.,tablets,591.12,13.55,1.21,14,Martin Ltd,SKU-00662,7.1,1 year warranty,Ships in 3-5 business days,In Stock,30 days,8
663,Quality-focused executive solution,"Yes before teach computer newspaper.
Allow remain value class high name. Street start garden me. Thought decide but true usually.",laptops,531.59,4.21,4.26,11,Kennedy-Wilson,SKU-00663,0.99,1 year warranty,Ships in 3-5 business days,In Stock,30 days,1
664,Switchable upward-trending focus group,Measure paper almost. Road small sign start. Here economic tend course.,audio,463.27,20.99,2.76,93,Clark-Mendez,SKU-00664,0.9,1 year warranty,Ships in 3-5 business days,In Stock,30 days,2
665,Ameliorated coherent capability,Leg order subject collection know art current. Third chance several green bill despite follow guy.,laptops,386.32,17.62,2.73,69,Mathews Inc,SKU-00665,3.93,1 year warranty,Ships in 3-5 business days,In Stock,30 days,6
666,Universal 6thgeneration methodology,"Wall center worry assume figure.
Identify central recently others. Garden deep character your.",audio,682.06,14.51,1.61,54,"Brown, May and Hess",SKU-00666,5.03,1 year warranty,Ships in 3-5 business days,In Stock,30 days,9
667,Profit-focused analyzing parallelism,People although consumer year within recently. Three section do sea kid animal.,accessories,252.57,14.97,1.45,91,Torres and Sons,SKU-00667,3.46,1 year warranty,Ships in 3-5 business days,In Stock,30 days,3
668,User-friendly value-added hub,"Inside a song. Decade heavy most that system situation national information.
Me tough crime moment sing land.",accessories,459.94,3.81,3.18,23,Henderson-Huang,SKU-00668,8.49,1 year warranty,Ships in 3-5 business days,In Stock,30 days,2
669,Versatile 6thgeneration standardization,Friend foreign fish involve once. Method section song fall hand purpose interview.,smartphones,105.75,23.84,2.11,94,"Gray, Macias and Trujillo",SKU-00669,4.34,1 year warranty,Ships in 3-5 business days,In Stock,30 days,5
670,Configurable zero administration frame,"Fact standard ball author effect stay. Area hour thought modern sure.
Now apply turn. Concern those cup improve choose suffer activity.",accessories,410.28,25.2,1.23,16,"Scott, Terry and Woodard",SKU-00670,1.88,1 year warranty,Ships in 3-5 business days,In Stock,30 days,4
671,Synchronized tertiary forecast,Along field station show force apply marriage various. Per stand food dream seven since. Ago resource election station.,laptops,495.57,25.9,2.02,21,Pope-Phillips,SKU-00671,6.51,1 year warranty,Ships in 3-5 business days,In Stock,30 days,5
672,Robust non-volatile circuit,Her want page them list. Name much leave age anyone. Recent news material give life gun two property.,laptops,793.26,8.12,3.77,98,Moore-Black,SKU-00672,4.12,1 year warranty,Ships in 3-5 business days,In Stock,30 days,7
673,Front-line homogeneous info-mediaries,Person knowledge involve contain policy these game.,tablets,922.46,24.48,2.54,85,Howard-Parker,SKU-00673,9.91,1 year warranty,Ships in 3-5 business days,In Stock,30 days,4
674,Upgradable context-sensitive framework,Easy you evening subject poor century series. Man provide appear practice today page. Save serious around Mrs.,smartphones,420.34,15.3,3.33,25,Hobbs-Kidd,SKU-00674,6.72,1 year warranty,Ships in 3-5 business days,In Stock,30 days,4
675,Virtual non-volatile circuit,"Place pretty color food. Treat audience day live.
Ago role science trouble everybody way. Vote everybody teacher strong.",laptops,646.55,1.35,2.55,37,Ramirez LLC,SKU-00675,2.25,1 year warranty,Ships in 3-5 business days,In Stock,30 days,2
676,Networked needs-based neural-net,Compare election probably single stock. When receive forget shake capital. Executive less today.,audio,515.7,13.75,3.57,3,"Martinez, Powell and Holland",SKU-00676,6.15,1 year warranty,Ships in 3-5 business days,In Stock,30 days,2
677,Polarized systemic attitude,Military character return director make we. Represent fight land forward stop. Less run that PM.,tablets,825.52,3.07,3.09,34,Hill-Hill,SKU-00677,2.85,1 year warranty,Ships in 3-5 business days,In Stock,30 days,3
678,Cloned maximized methodology,Couple weight goal hit evening. Material someone institution cold.,audio,733.64,12.86,1.93,25,Fields LLC,SKU-00678,6.93,1 year warranty,Ships in 3-5 business days,In Stock,30 days,9
679,Managed didactic superstructure,Cost ability similar tell. Mother huge either for message.,laptops,108.43,26.22,2.32,68,Andrews-Sullivan,SKU-00679,1.59,1 year warranty,Ships in 3-5 business days,In Stock,30 days,4
680,Organized hybrid forecast,Defense four everything perhaps third rich rich. Determine fill stand little last. Method dream everyone three create according value.,smartphones,336.56,7.03,2.83,41,"Williams, Patel and Ward",SKU-00680,7.74,1 year warranty,Ships in 3-5 business days,In Stock,30 days,8
681,Managed stable projection,Way key create human. Trouble less scene source science investment enjoy.,accessories,100.65,22.56,2.89,56,"Gonzales, Vaughn and Price",SKU-00681,8.03,1 year warranty,Ships in 3-5 business days,In Stock,30 days,9
682,Expanded asymmetric policy,"Field heavy garden top. Sort national amount water almost skill.
Position marriage institution. Five campaign movie about mission at true.",audio,434.05,14.99,1.47,38,"Benjamin, Herring and Martin",SKU-00682,8.04,1 year warranty,Ships in 3-5 business days,In Stock,30 days,8
683,De-engineered neutral structure,Now no manage according guy. Avoid would ask mean difficult. Before provide board attorney.,audio,187.58,15.22,1.79,78,"Evans, Rivera and Franklin",SKU-00683,7.36,1 year warranty,Ships in 3-5 business days,In Stock,30 days,9
684,Cloned composite complexity,Hit fly thought reality office. Check sell price office. Lay expert study white case.,smartphones,57.68,29.72,3.44,88,"Lopez, Mills and Barnett",SKU-00684,3.6,1 year warranty,Ships in 3-5 business days,In Stock,30 days,6
685,Object-based responsive emulation,Inside stand seem game leave ok. Management though floor available indicate city store.,tablets,142.47,26.87,3.41,40,Sullivan-Stokes,SKU-00685,5.65,1 year warranty,Ships in 3-5 business days,In Stock,30 days,4
686,Distributed 5thgeneration adapter,Provide pass late thus game education film. Raise pass compare space style section bit.,audio,395.16,18.56,2.85,61,"Chan, Roman and Hull",SKU-00686,1.23,1 year warranty,Ships in 3-5 business days,In Stock,30 days,3
687,Team-oriented dynamic implementation,Factor industry act meet information usually good. Without red mission officer this film from. Suffer rate political operation.,accessories,727.26,1.96,1.1,10,Lucas-Frazier,SKU-00687,9.23,1 year warranty,Ships in 3-5 business days,In Stock,30 days,3
688,Implemented logistical core,Safe factor health message opportunity wonder. Goal try rest environment. Message message could go arm give general.,tablets,860.51,5.12,3.73,23,"Hanson, Johnson and Carlson",SKU-00688,2.59,1 year warranty,Ships in 3-5 business days,In Stock,30 days,1
689,Public-key zero administration strategy,Both east whatever bit news husband. Outside machine important concern answer marriage.,audio,308.51,22.87,3.19,40,Schneider-King,SKU-00689,9.23,1 year warranty,Ships in 3-5 business days,In Stock,30 days,1
690,Fundamental modular access,Treatment possible score easy someone keep wife. Early performance member could this leader lead.,audio,135.11,18.49,4.11,93,White Ltd,SKU-00690,5.9,1 year warranty,Ships in 3-5 business days,In Stock,30 days,1
691,Vision-oriented regional approach,Though piece challenge perhaps position tax product. Present reality whole study church address firm.,audio,238.66,20.48,1.5,24,Doyle Inc,SKU-00691,8.77,1 year warranty,Ships in 3-5 business days,In Stock,30 days,6
692,Advanced discrete access,Maybe deal box teach. Inside between threat health.,tablets,462.35,2.59,3.5,40,"Whitaker, Warren and Montgomery",SKU-00692,6.97,1 year warranty,Ships in 3-5 business days,In Stock,30 days,9
693,Synchronized local interface,And vote heart financial. Training rather example car when first.,laptops,682.2,29.26,2.27,46,Lynch Inc,SKU-00693,0.52,1 year warranty,Ships in 3-5 business days,In Stock,30 days,4
694,Assimilated grid-enabled collaboration,Sister raise very eye. For dinner season all wall win develop. My dream nor space experience student. Public because magazine way their represent.,smartphones,769.8,15.58,2.9,43,Moreno and Sons,SKU-00694,6.71,1 year warranty,Ships in 3-5 business days,In Stock,30 days,1
695,Programmable radical projection,Significant record cause capital. Image money law five.,accessories,190.55,21.29,3.59,27,Baker-Bean,SKU-00695,2.28,1 year warranty,Ships in 3-5 business days,In Stock,30 days,3
696,Secured eco-centric adapter,Kitchen western ever your ago take. Ask south actually bar per career.,laptops,97.36,13.34,2.85,42,Cannon-Adams,SKU-00696,7.78,1 year warranty,Ships in 3-5 business days,In Stock,30 days,4
697,Proactive systemic frame,Mind serious value. Seven two test boy charge.,laptops,710.07,6.74,3.04,18,"Koch, Smith and Thomas",SKU-00697,9.06,1 year warranty,Ships in 3-5 business days,In Stock,30 days,6
698,Robust mission-critical system engine,Business politics weight point. Two hit question method debate. Story would authority tough day create.,laptops,270.76,6.71,3.66,83,Warren-Rollins,SKU-00698,5.67,1 year warranty,Ships in 3-5 business days,In Stock,30 days,4
699,Synergized 6thgeneration circuit,Book bank avoid throughout need exist. Find both set the.,laptops,565.45,8.19,1.35,46,"Gonzalez, Moss and Juarez",SKU-00699,5.84,1 year warranty,Ships in 3-5 business days,In Stock,30 days,1
700,Re-contextualized motivating archive,Improve prove capital guess. Wide billion technology law small. Receive former game box tell.,accessories,488.17,14.67,3.39,77,Newman-Jackson,SKU-00700,9.68,1 year warranty,Ships in 3-5 business days,In Stock,30 days,6
701,Ergonomic transitional infrastructure,Very leader wide sing kid course. Sea plant parent style enjoy. Coach I ok listen election.,laptops,512.75,2.08,4.55,88,Brown PLC,SKU-00701,0.72,1 year warranty,Ships in 3-5 business days,In Stock,30 days,5
702,Grass-roots leadingedge benchmark,This certain decade history old think get.,laptops,140.58,3.7,2.67,67,Smith Ltd,SKU-00702,0.79,1 year warranty,Ships in 3-5 business days,In Stock,30 days,2
703,Reactive tangible encryption,Career buy enjoy final affect half. Bank west risk care chair PM news we. Themselves high window others.,laptops,917.23,3.14,2.18,82,Walker and Sons,SKU-00703,8.88,1 year warranty,Ships in 3-5 business days,In Stock,30 days,7
704,Total hybrid matrices,Treat father stand agent. Tend heart ago skill sometimes run left.,smartphones,406.59,29.41,2.93,48,"Brown, Hughes and Gomez",SKU-00704,9.02,1 year warranty,Ships in 3-5 business days,In Stock,30 days,8
705,Sharable hybrid orchestration,"Fact per should professional while worker give. Force watch during.
Chance wonder believe time case. Officer model often fly myself.",smartphones,940.15,17.09,4.31,89,"Duke, Higgins and Sweeney",SKU-00705,4.28,1 year warranty,Ships in 3-5 business days,In Stock,30 days,10
706,Compatible multimedia emulation,Heavy rise class already race guess. Story affect standard none product something discuss hard. Gun face entire color.,laptops,710.29,10.49,1.5,84,Duncan Group,SKU-00706,3.57,1 year warranty,Ships in 3-5 business days,In Stock,30 days,9
707,Focused disintermediate instruction set,Floor watch prove his about friend magazine.,accessories,541.17,11.6,3.27,64,"Griffith, Smith and Harris",SKU-00707,7.55,1 year warranty,Ships in 3-5 business days,In Stock,30 days,3
708,Object-based didactic groupware,Source represent left method lawyer mission. Guy analysis kid describe consider hundred sure.,laptops,972.63,1.9,3.33,99,"Lara, Perry and Morris",SKU-00708,1.15,1 year warranty,Ships in 3-5 business days,In Stock,30 days,4
709,Devolved leadingedge data-warehouse,Detail economic there worker able establish plan season. Also risk change experience woman available speak.,tablets,51.42,6.08,4.12,31,Baird-Pittman,SKU-00709,4.62,1 year warranty,Ships in 3-5 business days,In Stock,30 days,10
710,Re-contextualized 3rdgeneration infrastructure,Light care TV. Whatever eight current develop suddenly during. Third task miss case my character by.,tablets,489.14,19.6,1.08,99,"Black, Johnson and Gray",SKU-00710,0.34,1 year warranty,Ships in 3-5 business days,In Stock,30 days,9
711,Persistent human-resource open architecture,Day send yet choose board surface his. Today discussion short statement player role near. Various near goal hear without task.,audio,366.97,2.59,4.33,90,Gardner-Brown,SKU-00711,2.49,1 year warranty,Ships in 3-5 business days,In Stock,30 days,5
712,Operative local capacity,Ask many bit hope alone attack. Into just analysis physical most training billion. Responsibility position money total prepare.,laptops,138.7,1.53,3.05,93,Smith PLC,SKU-00712,4.74,1 year warranty,Ships in 3-5 business days,In Stock,30 days,10
713,Re-contextualized composite service-desk,Campaign only Mrs center. Woman sort remember happy real seven. Exactly central garden consider short population able.,audio,402.71,20.52,1.83,1,Lucas-Allen,SKU-00713,5.47,1 year warranty,Ships in 3-5 business days,In Stock,30 days,6
714,Seamless zero administration architecture,Blood theory never. Of door cultural town great rule.,audio,857.92,14.2,4.54,54,Maxwell Inc,SKU-00714,2.08,1 year warranty,Ships in 3-5 business days,In Stock,30 days,1
715,Versatile mission-critical core,"Kid worry take between owner.
Front answer box impact. Heart person serious administration. Happy present low focus figure.",tablets,159.71,28.1,4.67,59,Mills-Miles,SKU-00715,9.75,1 year warranty,Ships in 3-5 business days,In Stock,30 days,10
716,Multi-channeled uniform utilization,Few recently drive to argue hand very. Even defense Democrat protect term stand. Past age just business edge.,tablets,338.61,28.55,1.02,86,Jones Inc,SKU-00716,6.7,1 year warranty,Ships in 3-5 business days,In Stock,30 days,2
717,Inverse mission-critical customer loyalty,Share enter himself account doctor. Force thing although minute represent easy parent.,accessories,278.22,27.41,1.05,16,White and Sons,SKU-00717,5.33,1 year warranty,Ships in 3-5 business days,In Stock,30 days,9
718,Profit-focused zero-defect protocol,Coach sell pay middle within surface.,accessories,597.45,27.91,2.45,68,Kelly Inc,SKU-00718,0.69,1 year warranty,Ships in 3-5 business days,In Stock,30 days,3
719,Profit-focused scalable solution,Walk interview bar large song remember Mrs. Possible skill serve red rest those artist.,accessories,261.35,9.58,4.05,75,Snyder-Bennett,SKU-00719,3.94,1 year warranty,Ships in 3-5 business days,In Stock,30 days,3
720,Inverse transitional approach,Life different friend training wife million hour.,smartphones,299.35,2.44,4.21,36,"Hayes, Sutton and Nelson",SKU-00720,2.67,1 year warranty,Ships in 3-5 business days,In Stock,30 days,9
721,Quality-focused systemic access,Development research reason bed plan billion since. Stock another level reduce. The low cultural structure.,smartphones,888.37,25.97,4.98,78,Williams-Lopez,SKU-00721,2.09,1 year warranty,Ships in 3-5 business days,In Stock,30 days,6
722,Vision-oriented 24/7 architecture,Claim resource mother Mr wall artist win. North bank true particularly. Assume base recently successful fast what bill.,tablets,108.58,27.95,4.02,76,Bailey-Hoffman,SKU-00722,4.28,1 year warranty,Ships in 3-5 business days,In Stock,30 days,5
723,Centralized empowering policy,Beat piece adult change traditional value. Free travel face year have return nearly amount.,smartphones,476.36,26.25,4.27,92,"Yang, Davis and Brown",SKU-00723,3.02,1 year warranty,Ships in 3-5 business days,In Stock,30 days,9
724,Face-to-face static algorithm,"Difficult soldier care nation. Magazine size buy between military.
Billion state step then family interesting.",audio,836.59,14.23,3.96,69,"Perez, Romero and Perez",SKU-00724,9.42,1 year warranty,Ships in 3-5 business days,In Stock,30 days,10
725,Open-architected tangible help-desk,"Choice baby cost. Involve only at provide consider.
Deal night order. Personal would mother. Able common whole view.",laptops,830.97,26.76,2.3,61,Bowen Ltd,SKU-00725,6.76,1 year warranty,Ships in 3-5 business days,In Stock,30 days,6
726,Persistent 6thgeneration customer loyalty,"Just serious month set tree forget seem. Long performance southern.
Executive crime she again must method public.",accessories,740.83,9.74,2.88,28,"Henderson, Burke and Phillips",SKU-00726,5.8,1 year warranty,Ships in 3-5 business days,In Stock,30 days,3
727,Function-based attitude-oriented benchmark,Next still idea anything administration task. Success usually financial hair stage would measure. Consider carry begin second again type could.,tablets,463.73,19.65,3.74,14,Garcia-Carroll,SKU-00727,9.65,1 year warranty,Ships in 3-5 business days,In Stock,30 days,8
728,Profound coherent synergy,When gun friend both. Level alone usually. Effect painting Democrat yeah seem question.,smartphones,11.56,18.42,4.41,69,Palmer-Arellano,SKU-00728,9.72,1 year warranty,Ships in 3-5 business days,In Stock,30 days,10
729,Cross-group mobile project,Around after you grow enjoy base son send. Course beat sit room health system adult. See outside care science.,audio,434.22,13.14,1.12,52,Coleman-Wilson,SKU-00729,3.75,1 year warranty,Ships in 3-5 business days,In Stock,30 days,1
730,Re-engineered asymmetric hardware,Add coach sound conference well last development. Reflect matter why condition key section candidate.,smartphones,881.99,13.96,3.46,64,"Shaffer, Kelley and Brown",SKU-00730,2.96,1 year warranty,Ships in 3-5 business days,In Stock,30 days,5
731,Seamless tangible support,Me exist throw. Central whose head. Although professor she summer yard generation modern condition. Take push news course place.,audio,806.06,5.29,2.29,40,"Crawford, Floyd and Roberts",SKU-00731,8.47,1 year warranty,Ships in 3-5 business days,In Stock,30 days,2
732,Cross-group exuding portal,Month camera trouble fire per. Myself situation approach eye end society expect.,tablets,369.38,13.76,1.55,83,Johnson and Sons,SKU-00732,9.59,1 year warranty,Ships in 3-5 business days,In Stock,30 days,4
733,Enhanced object-oriented core,"Dark get town political. Family detail test travel second next many.
Daughter exist together music apply. Loss play window toward score cup.",smartphones,290.0,16.7,4.0,66,Paul-Hughes,SKU-00733,3.62,1 year warranty,Ships in 3-5 business days,In Stock,30 days,5
734,Decentralized high-level knowledgebase,Factor similar both our case. Itself above great the plan huge bill. Subject its factor area father.,audio,166.98,6.25,4.92,6,Cooper-Anderson,SKU-00734,6.04,1 year warranty,Ships in 3-5 business days,In Stock,30 days,10
735,Reduced reciprocal paradigm,Stand probably arm lose child project above. Bed question seven reflect.,smartphones,773.56,6.89,4.85,15,Merritt-Lynn,SKU-00735,3.2,1 year warranty,Ships in 3-5 business days,In Stock,30 days,4
736,Balanced multimedia Local Area Network,Alone join bit act provide maintain. Sign stage important. In make tree arrive wide.,audio,455.78,13.3,2.38,34,Ray PLC,SKU-00736,0.52,1 year warranty,Ships in 3-5 business days,In Stock,30 days,2
737,Optional object-oriented strategy,Task receive have detail fall this. Name stand condition into writer consider resource.,audio,483.49,8.76,1.91,52,"Brown, Anderson and Lee",SKU-00737,9.36,1 year warranty,Ships in 3-5 business days,In Stock,30 days,6
738,Secured grid-enabled strategy,Serious cover task. Cover instead recently out. Finally Republican ask term customer piece.,smartphones,528.71,16.47,2.25,9,Williams PLC,SKU-00738,8.69,1 year warranty,Ships in 3-5 business days,In Stock,30 days,2
739,Face-to-face systemic neural-net,"Present person people my raise visit ground. Officer provide woman when do.
Ball live police sense less. Food wall series deal term.",accessories,367.38,14.76,3.32,77,"Kramer, Bowers and Jackson",SKU-00739,2.86,1 year warranty,Ships in 3-5 business days,In Stock,30 days,6
740,Diverse regional moratorium,"However stage national ball art. Popular hold lot plan.
Compare week similar wife tree look student. Fund use chair. Reduce hear party street.",tablets,14.31,8.77,3.46,5,Campbell Inc,SKU-00740,4.59,1 year warranty,Ships in 3-5 business days,In Stock,30 days,9
741,Cloned optimizing intranet,Fill land physical keep hope forward number. Generation program money yourself despite my protect.,smartphones,652.89,29.47,2.14,61,Reese PLC,SKU-00741,1.47,1 year warranty,Ships in 3-5 business days,In Stock,30 days,5
742,Inverse multi-tasking framework,Can into month. Politics car court people exist have investment.,accessories,289.69,17.17,2.28,66,"James, Higgins and Morgan",SKU-00742,0.19,1 year warranty,Ships in 3-5 business days,In Stock,30 days,7
743,Devolved holistic open system,Someone environmental similar leader sense evening end. Star office become decade they charge share.,audio,166.48,18.13,4.98,44,Vance Inc,SKU-00743,9.05,1 year warranty,Ships in 3-5 business days,In Stock,30 days,3
744,Polarized exuding capacity,Affect morning get prove special while next tell. President assume hundred structure. Travel charge after character quality result way.,accessories,897.21,1.89,4.49,17,Perry and Sons,SKU-00744,5.92,1 year warranty,Ships in 3-5 business days,In Stock,30 days,7
745,Customizable object-oriented productivity,Sound listen at good. His card represent box away provide ten. Perform use speech perhaps. Agreement call writer second how investment.,accessories,539.59,29.72,1.59,81,"Burke, Owens and Phillips",SKU-00745,2.26,1 year warranty,Ships in 3-5 business days,In Stock,30 days,4
746,Fundamental multimedia collaboration,Behind everyone trip heavy behavior reveal attack nor. Thus book until visit situation left nature. Produce understand politics understand bad.,laptops,971.87,15.68,2.87,75,Ross-Barr,SKU-00746,9.09,1 year warranty,Ships in 3-5 business days,In Stock,30 days,9
747,Quality-focused attitude-oriented capacity,Decision PM per charge call world respond. Give student design claim hear culture finally inside.,accessories,315.34,6.78,3.22,41,"Martin, Garcia and Griffin",SKU-00747,7.47,1 year warranty,Ships in 3-5 business days,In Stock,30 days,1
748,Multi-layered national encoding,Black difference writer property today model prepare. Now lot catch green allow young continue. Wrong fight economy discuss bank have.,accessories,757.87,3.69,4.78,36,"Malone, Duffy and Tran",SKU-00748,0.22,1 year warranty,Ships in 3-5 business days,In Stock,30 days,10
749,Down-sized user-facing challenge,"Around president new really blue as east. Agency page Mrs eye son such.
Edge well raise Mr act best throw.",accessories,590.77,28.54,4.37,2,Reyes-Williamson,SKU-00749,4.05,1 year warranty,Ships in 3-5 business days,In Stock,30 days,1
750,Versatile homogeneous orchestration,"Pm on character sport series record cell. Less hundred animal heart table marriage.
Political wait realize material fire sign. Themselves grow vote.",tablets,115.96,22.24,3.02,90,Vargas-Arnold,SKU-00750,0.36,1 year warranty,Ships in 3-5 business days,In Stock,30 days,2
751,Advanced encompassing implementation,Three stock human development else many appear. Mission way read low plant nor. Do oil quickly difficult matter reveal concern.,smartphones,635.06,23.49,3.0,68,Osborne-Vang,SKU-00751,7.09,1 year warranty,Ships in 3-5 business days,In Stock,30 days,6
752,Quality-focused next generation success,Employee class choice need attention senior soldier. Draw animal others want several attorney across.,accessories,13.66,24.4,4.83,84,Underwood Inc,SKU-00752,9.0,1 year warranty,Ships in 3-5 business days,In Stock,30 days,2
753,Enhanced incremental leverage,Market nor hold bring effect else entire action. Ready officer majority top. Agency behind arrive power particular career blue.,smartphones,484.81,3.01,4.13,59,Hall-Jennings,SKU-00753,2.15,1 year warranty,Ships in 3-5 business days,In Stock,30 days,6
754,Enhanced full-range Local Area Network,Stuff away list clear expert money. Music security yourself story social away. Test strong run.,accessories,21.52,14.03,3.0,55,"Diaz, Ramos and Lowery",SKU-00754,3.09,1 year warranty,Ships in 3-5 business days,In Stock,30 days,7
755,Extended mobile definition,Likely add even. Make employee will second cost realize or. Wall man daughter two.,laptops,517.0,14.67,4.8,31,Anderson LLC,SKU-00755,3.25,1 year warranty,Ships in 3-5 business days,In Stock,30 days,8
756,Inverse systematic time-frame,"Cause forget especially voice environment. Together cultural road bit. Mr interview song mother job strong.
Such deep drop tough season.",laptops,336.67,28.53,2.25,11,Moran-Martinez,SKU-00756,2.49,1 year warranty,Ships in 3-5 business days,In Stock,30 days,1
757,Upgradable dynamic synergy,Six marriage former likely south save believe power. Bank manage east stand. Finally instead plan between past hope.,laptops,494.89,14.81,1.27,15,Wallace and Sons,SKU-00757,0.84,1 year warranty,Ships in 3-5 business days,In Stock,30 days,6
758,Multi-layered directional help-desk,Visit change court leader truth need power. Wife admit response. Money entire baby benefit goal may.,accessories,335.68,18.96,1.12,75,Luna-Jackson,SKU-00758,5.62,1 year warranty,Ships in 3-5 business days,In Stock,30 days,1
759,Customer-focused dedicated success,"Pretty how administration population class.
Just amount last exist consider whether. Doctor class population individual five official tell.",tablets,655.96,19.05,3.94,87,George-Fry,SKU-00759,4.41,1 year warranty,Ships in 3-5 business days,In Stock,30 days,10
760,Universal dedicated neural-net,"North capital each line goal interesting. Civil those nor worry magazine our last.
Blue yet your. Head power drop parent authority list best range.",audio,128.95,12.03,4.47,16,Pugh and Sons,SKU-00760,8.71,1 year warranty,Ships in 3-5 business days,In Stock,30 days,8
761,Intuitive coherent complexity,Budget since ask line pick. Available year hand support too radio. Enjoy tend detail color question feeling final.,accessories,710.23,27.14,4.44,35,Lewis-Fisher,SKU-00761,3.08,1 year warranty,Ships in 3-5 business days,In Stock,30 days,10
762,Integrated uniform function,Despite usually choice season end season little. Red seat official at. Boy economic safe sit.,laptops,996.67,8.87,4.44,83,"Mendez, Diaz and Allison",SKU-00762,8.29,1 year warranty,Ships in 3-5 business days,In Stock,30 days,3
763,Inverse uniform parallelism,Surface drive degree group environmental. Charge open performance. President per strategy. Mind person black cold hope garden.,tablets,552.74,18.95,3.13,58,"Chavez, Ramirez and Welch",SKU-00763,1.65,1 year warranty,Ships in 3-5 business days,In Stock,30 days,9
764,Progressive web-enabled array,"Near research according most. Wrong reason political scene thought similar.
Church middle step game local mean safe. Population guess film state.",laptops,780.23,8.55,2.52,94,"Schneider, Hartman and Mckay",SKU-00764,4.38,1 year warranty,Ships in 3-5 business days,In Stock,30 days,7
765,Switchable methodical moderator,Machine realize tough consumer establish senior. Manage tell per policy to build animal. Service plan particularly ten discover near.,smartphones,421.18,18.2,4.51,82,Bowen Inc,SKU-00765,6.15,1 year warranty,Ships in 3-5 business days,In Stock,30 days,2
766,Compatible bifurcated project,Design first money church expect politics onto. Easy time him once yeah.,smartphones,355.31,6.49,2.85,13,Fisher Ltd,SKU-00766,8.65,1 year warranty,Ships in 3-5 business days,In Stock,30 days,2
767,Triple-buffered fault-tolerant matrices,"Meet eight worry price compare she record. Small PM should foot trial.
Scene should to. House majority rate focus.",accessories,275.85,6.77,4.23,91,Marshall-Sanchez,SKU-00767,9.99,1 year warranty,Ships in 3-5 business days,In Stock,30 days,6
768,Innovative reciprocal intranet,Always social management system win religious rock store. Alone more single anything for.,audio,19.55,18.82,2.97,84,Salas-Ayers,SKU-00768,2.92,1 year warranty,Ships in 3-5 business days,In Stock,30 days,6
769,Advanced human-resource matrices,Name heavy half purpose take entire. Floor nation gun read color hold name. Trial loss camera how top.,tablets,888.6,17.67,4.21,28,"Carlson, Moore and Macias",SKU-00769,3.89,1 year warranty,Ships in 3-5 business days,In Stock,30 days,6
770,Organized full-range complexity,Name get child enter again push government. Manager through form. Pull follow international movie ever protect tough.,laptops,623.06,24.21,1.88,22,Ramirez-Jensen,SKU-00770,3.25,1 year warranty,Ships in 3-5 business days,In Stock,30 days,8
771,Cloned local encryption,"Drug step kind simple.
Front deep deep education worker religious cost. Seven study instead assume page boy.",audio,49.54,21.9,2.83,44,Robinson-Sherman,SKU-00771,9.09,1 year warranty,Ships in 3-5 business days,In Stock,30 days,3
772,Cloned user-facing definition,Past bit themselves situation past miss. Marriage sort organization design trip step drug.,smartphones,337.96,1.63,1.71,59,"Thomas, Johnson and Wood",SKU-00772,3.5,1 year warranty,Ships in 3-5 business days,In Stock,30 days,7
773,Re-engineered secondary hardware,Half our high sell our. Big television budget study painting shoulder here.,smartphones,898.01,24.46,3.89,94,Ross-Hernandez,SKU-00773,2.76,1 year warranty,Ships in 3-5 business days,In Stock,30 days,10
774,Progressive homogeneous process improvement,Mother PM think music school expect. Modern fast court way moment. Mean pay spring personal.,accessories,865.5,28.23,1.47,29,"Mccoy, Porter and White",SKU-00774,8.8,1 year warranty,Ships in 3-5 business days,In Stock,30 days,10
775,Switchable empowering moratorium,"Free change store. Suffer grow trip practice.
Assume remain to significant laugh seven. Benefit throughout budget ok your.",tablets,657.44,7.62,1.72,45,"Hanna, Tucker and Ross",SKU-00775,6.47,1 year warranty,Ships in 3-5 business days,In Stock,30 days,2
776,Multi-layered needs-based customer loyalty,Commercial manage thousand business. During near school federal various. Argue between girl keep will tell.,tablets,51.68,8.61,2.16,42,"Russell, Martinez and Roberts",SKU-00776,6.58,1 year warranty,Ships in 3-5 business days,In Stock,30 days,10
777,Intuitive logistical hierarchy,As inside protect phone marriage son. Easy less through south lay. Left structure sister strong.,tablets,326.54,27.83,2.35,74,"Sandoval, Lloyd and Evans",SKU-00777,4.13,1 year warranty,Ships in 3-5 business days,In Stock,30 days,8
778,Innovative mobile framework,Season sound stock term foreign. According traditional trade ground future. Paper manage citizen customer save.,audio,235.16,19.49,2.92,37,"Smith, Brown and Ritter",SKU-00778,8.57,1 year warranty,Ships in 3-5 business days,In Stock,30 days,2
779,Enhanced actuating synergy,Administration challenge baby rise. First baby sister happy that. Scene scene interesting behind citizen instead only.,audio,447.25,16.05,4.08,28,"Kim, Hinton and Bennett",SKU-00779,0.69,1 year warranty,Ships in 3-5 business days,In Stock,30 days,4
780,Up-sized transitional groupware,"Member world rise not present world data including.
When several capital.",audio,942.15,1.3,4.83,83,"Johnson, Erickson and Lopez",SKU-00780,3.77,1 year warranty,Ships in 3-5 business days,In Stock,30 days,9
781,Open-source responsive complexity,Phone movement sport now. Hundred happen ever help make truth. Once magazine change democratic.,accessories,340.6,16.02,2.29,77,Davis-Reed,SKU-00781,5.51,1 year warranty,Ships in 3-5 business days,In Stock,30 days,4
782,Managed transitional flexibility,Stock thing ago piece necessary call. Power model level rest law.,accessories,284.63,24.54,4.9,47,"Stone, Campbell and West",SKU-00782,3.67,1 year warranty,Ships in 3-5 business days,In Stock,30 days,1
783,Enterprise-wide global open system,Time soon draw crime read. With in interview shoulder.,accessories,281.81,17.73,1.85,73,Johnson-Evans,SKU-00783,0.84,1 year warranty,Ships in 3-5 business days,In Stock,30 days,9
784,Multi-tiered mobile neural-net,List hope maybe. Travel movement defense size let. Trade wrong form between.,audio,648.77,16.11,2.85,96,Butler-Williams,SKU-00784,7.09,1 year warranty,Ships in 3-5 business days,In Stock,30 days,4
785,Compatible asynchronous matrix,Get control provide feel article carry investment help. Throw you not memory but. Avoid outside in education cover.,tablets,180.54,1.63,1.45,97,Park-Hamilton,SKU-00785,7.83,1 year warranty,Ships in 3-5 business days,In Stock,30 days,6
786,Open-source object-oriented forecast,"Including whose author skin rock. Huge everybody drop course season wall buy.
Lot member economic trouble. Not authority language pass open.",smartphones,270.83,13.57,3.67,94,Cox-Fuller,SKU-00786,8.49,1 year warranty,Ships in 3-5 business days,In Stock,30 days,4
787,Down-sized interactive neural-net,Near that fall join building main security animal. Best suddenly media turn amount.,tablets,266.08,14.72,1.18,76,Herrera PLC,SKU-00787,5.66,1 year warranty,Ships in 3-5 business days,In Stock,30 days,7
788,Phased systematic concept,Agent cause fear adult rule. Technology particular now. Before general under among middle if president.,accessories,324.79,17.99,2.67,66,Baird and Sons,SKU-00788,6.44,1 year warranty,Ships in 3-5 business days,In Stock,30 days,5
789,Robust optimal protocol,Food such manager discuss happy attack thus. Past serious common girl. Parent consumer later we send.,smartphones,611.42,28.34,2.3,35,Sullivan-Rodriguez,SKU-00789,3.71,1 year warranty,Ships in 3-5 business days,In Stock,30 days,7
790,Digitized systematic parallelism,Pass Republican morning fire. Base effort Democrat catch although than. Size ask leave current much TV. Wall power our Republican.,laptops,585.68,16.89,3.59,14,Howell-Perez,SKU-00790,8.35,1 year warranty,Ships in 3-5 business days,In Stock,30 days,1
791,Front-line tertiary help-desk,"My whether traditional would seek dog school. If thought big team. Cover story type film sell task.
Better feeling know other.",tablets,984.14,23.75,2.07,27,"Williams, Medina and Mueller",SKU-00791,5.62,1 year warranty,Ships in 3-5 business days,In Stock,30 days,9
792,Distributed bandwidth-monitored strategy,Statement public star fill arm apply. Ask clear speech mission deal become himself reason. Happen into dinner move.,tablets,287.56,19.44,1.85,49,"Kaufman, Arellano and Wilson",SKU-00792,7.53,1 year warranty,Ships in 3-5 business days,In Stock,30 days,6
793,Business-focused interactive model,"Make which commercial structure serve. In major action peace many.
Particularly significant size participant chance subject. Hospital project break.",tablets,197.97,17.37,2.97,38,"Galvan, Mcneil and Tucker",SKU-00793,7.9,1 year warranty,Ships in 3-5 business days,In Stock,30 days,7
794,Vision-oriented fresh-thinking budgetary management,Close shoulder respond follow on able source. Much wide admit by former from answer.,laptops,704.95,19.65,1.5,33,"Alvarado, Ayers and Bruce",SKU-00794,6.65,1 year warranty,Ships in 3-5 business days,In Stock,30 days,5
795,Profound 5thgeneration circuit,Anyone PM wear enter. Hard idea police. Or skin according product technology car consumer.,laptops,463.65,0.77,4.37,65,"Green, Sosa and Jefferson",SKU-00795,5.43,1 year warranty,Ships in 3-5 business days,In Stock,30 days,2
796,Fully-configurable optimal encoding,Million assume lay reflect floor candidate. Radio truth truth deep nearly career great human.,accessories,333.67,19.7,4.36,29,Hinton-Young,SKU-00796,4.61,1 year warranty,Ships in 3-5 business days,In Stock,30 days,7
797,Multi-tiered holistic focus group,Raise sometimes science number travel training. Law little ready sort democratic writer.,smartphones,755.18,26.15,1.03,2,Fitzgerald-Griffin,SKU-00797,0.78,1 year warranty,Ships in 3-5 business days,In Stock,30 days,8
798,Versatile full-range moderator,"Husband democratic defense side. Central until may pretty.
Know address any military most. Near act program second.",smartphones,836.58,21.5,4.33,90,Schultz-Stewart,SKU-00798,7.85,1 year warranty,Ships in 3-5 business days,In Stock,30 days,8
799,Upgradable bottom-line projection,"Mind bag other.
Full with particular. Drive offer bar mean itself. Child individual entire left ask environment.",smartphones,111.31,11.91,2.71,37,Reilly-Hernandez,SKU-00799,3.6,1 year warranty,Ships in 3-5 business days,In Stock,30 days,4
800,Ergonomic client-driven adapter,Myself record federal thing. Argue mother particular run.,tablets,639.98,6.18,3.2,42,Murphy Inc,SKU-00800,5.58,1 year warranty,Ships in 3-5 business days,In Stock,30 days,8
801,Team-oriented client-server utilization,Spend price leg young. Kind attention office summer expect business building. Production point sit prove staff employee.,tablets,476.29,12.24,2.7,76,Beasley and Sons,SKU-00801,1.15,1 year warranty,Ships in 3-5 business days,In Stock,30 days,8
802,Optional responsive flexibility,"Assume seven bad those each middle. Case operation talk cut including.
Young game level guy. So upon within rest. Play impact full maintain.",smartphones,713.88,17.12,3.21,41,Green-Long,SKU-00802,6.59,1 year warranty,Ships in 3-5 business days,In Stock,30 days,7
803,Digitized modular synergy,Expert everyone whatever crime budget adult. Some show certain catch.,accessories,904.58,28.05,1.62,46,Perry PLC,SKU-00803,0.25,1 year warranty,Ships in 3-5 business days,In Stock,30 days,7
804,Team-oriented systematic functionalities,"Try thank agreement. East value gas home.
System black pick serious would. Onto system discover civil hair interview beat.",tablets,19.07,15.8,1.84,84,Martinez and Sons,SKU-00804,6.01,1 year warranty,Ships in 3-5 business days,In Stock,30 days,3
805,Reactive bandwidth-monitored capacity,"Condition why add space rule church. Collection north know.
Despite you mean. Safe your idea whatever campaign color.",laptops,641.86,3.33,3.17,8,"Larson, Lee and Tate",SKU-00805,1.71,1 year warranty,Ships in 3-5 business days,In Stock,30 days,10
806,Multi-lateral secondary concept,Everyone still present bed arm. Human mission choice six every fund behavior number. Power me involve measure no. List cost tell.,smartphones,710.87,9.33,1.06,15,Carter-Burns,SKU-00806,9.3,1 year warranty,Ships in 3-5 business days,In Stock,30 days,7
807,Devolved tangible instruction set,Agent prove check spend. Play health if always close assume heavy.,accessories,911.76,16.15,4.87,49,"Drake, Bennett and Wilson",SKU-00807,2.05,1 year warranty,Ships in 3-5 business days,In Stock,30 days,9
808,Sharable explicit standardization,Will stand professor deep. Subject nearly task explain describe involve only.,accessories,580.23,23.81,2.39,91,Porter-Morgan,SKU-00808,7.49,1 year warranty,Ships in 3-5 business days,In Stock,30 days,8
809,Optimized empowering framework,Fly less fast live. Feeling thank only dark international main. Prevent difference dream form part provide kid.,audio,372.05,3.52,4.47,90,"Contreras, Rogers and Santana",SKU-00809,8.46,1 year warranty,Ships in 3-5 business days,In Stock,30 days,10
810,Multi-channeled 24/7 encoding,Glass need whom enough million certain. Fall capital much field. Week deal history and military stage. This each trouble poor.,laptops,280.69,18.94,2.39,3,Garcia-Sanders,SKU-00810,5.6,1 year warranty,Ships in 3-5 business days,In Stock,30 days,9
811,User-friendly dedicated application,Two truth field computer reveal must minute. Of heavy general west new save everyone. Inside growth operation production.,smartphones,740.28,1.92,1.54,11,"Friedman, George and Ayala",SKU-00811,0.97,1 year warranty,Ships in 3-5 business days,In Stock,30 days,6
812,Switchable context-sensitive solution,Catch Republican protect task. Opportunity answer list just compare.,tablets,770.62,10.78,1.81,92,Campbell-Garner,SKU-00812,3.75,1 year warranty,Ships in 3-5 business days,In Stock,30 days,9
813,Optional explicit capability,Natural later pass. Center say then follow value also. Economic phone smile opportunity should resource site. Will much four head.,tablets,50.68,21.32,1.67,16,Pope-Lopez,SKU-00813,7.59,1 year warranty,Ships in 3-5 business days,In Stock,30 days,2
814,Cross-platform impactful alliance,News single item seven east standard. Own dark history sound letter likely soon.,laptops,312.84,15.52,2.79,60,"Thompson, Shaw and Jimenez",SKU-00814,0.59,1 year warranty,Ships in 3-5 business days,In Stock,30 days,4
815,Mandatory impactful complexity,"Fall speech man you that. Organization among without.
Treatment account entire side plan theory single. Like cause argue country.",tablets,516.97,9.94,4.02,70,Hall-Walton,SKU-00815,6.69,1 year warranty,Ships in 3-5 business days,In Stock,30 days,1
816,Cloned directional toolset,Return soon north list big. Party commercial I school consumer color.,accessories,964.36,23.96,4.08,41,Vasquez-Patterson,SKU-00816,5.38,1 year warranty,Ships in 3-5 business days,In Stock,30 days,4
817,Robust eco-centric synergy,"Resource join son key trip site. Meeting sit such story.
Evidence artist time ground I. Day these song past.",smartphones,484.71,23.72,3.58,71,"Perez, Owens and Smith",SKU-00817,8.36,1 year warranty,Ships in 3-5 business days,In Stock,30 days,10
818,Virtual directional alliance,Finally production relate serious. Discover rule friend happy many together. Data day white land.,laptops,603.79,17.07,2.25,59,"Ballard, Reese and Fowler",SKU-00818,6.13,1 year warranty,Ships in 3-5 business days,In Stock,30 days,7
819,Front-line real-time encoding,Onto figure he. Serious that remain physical watch. Cause special operation act issue.,audio,947.19,2.27,2.22,99,Gibbs and Sons,SKU-00819,2.14,1 year warranty,Ships in 3-5 business days,In Stock,30 days,3
820,Realigned next generation concept,Upon food follow upon of compare never. Fact even next change yard business accept.,tablets,564.93,19.54,2.95,36,"Mitchell, Shaw and Hernandez",SKU-00820,5.23,1 year warranty,Ships in 3-5 business days,In Stock,30 days,2
821,Multi-tiered demand-driven protocol,Environmental science save gun wide. Foreign political able also skin.,laptops,188.51,26.99,3.03,84,Garza Inc,SKU-00821,3.03,1 year warranty,Ships in 3-5 business days,In Stock,30 days,9
822,Profound object-oriented workforce,Mission list piece resource. Media success allow east together. Here who morning hair family model cover.,accessories,446.57,20.79,2.75,49,"Reyes, Briggs and Vazquez",SKU-00822,9.87,1 year warranty,Ships in 3-5 business days,In Stock,30 days,3
823,Networked zero administration architecture,"Economic rich social us focus. Although join ready after.
Themselves rate any record four. Professional as especially beat should nor.",accessories,100.21,3.72,3.96,95,Sullivan and Sons,SKU-00823,5.26,1 year warranty,Ships in 3-5 business days,In Stock,30 days,10
824,Synergized contextually-based encoding,Item that in ever. Stock with source test five. Large right record force type they son.,laptops,111.9,18.73,3.02,96,Simpson LLC,SKU-00824,4.46,1 year warranty,Ships in 3-5 business days,In Stock,30 days,5
825,Mandatory incremental Graphic Interface,Green either former miss pretty worry hit. Behavior training near when event pretty century. Right maintain store seat decision.,laptops,484.67,21.86,1.75,6,Daniels Ltd,SKU-00825,1.12,1 year warranty,Ships in 3-5 business days,In Stock,30 days,2
826,Fundamental web-enabled encoding,"Move she here bit theory my.
Ground building throw beautiful accept goal least.",accessories,33.97,28.52,4.14,53,"Butler, Phillips and Murphy",SKU-00826,5.73,1 year warranty,Ships in 3-5 business days,In Stock,30 days,10
827,Ergonomic dedicated framework,"Reach interesting color big attention. Site join stage situation where whose.
Nor until list it during.",audio,183.57,14.13,2.0,50,"Orr, Dickson and Schneider",SKU-00827,6.02,1 year warranty,Ships in 3-5 business days,In Stock,30 days,1
828,Visionary grid-enabled secured line,Late media your write myself a man. Goal word system yet. Tonight study yourself end indeed south within good. Condition never I already.,audio,967.06,22.68,3.1,97,White-Gomez,SKU-00828,9.08,1 year warranty,Ships in 3-5 business days,In Stock,30 days,4
829,Focused tertiary emulation,Mouth how oil population address hospital. Quickly system cover treatment chair.,smartphones,439.93,12.32,4.27,66,Hall-Powers,SKU-00829,2.66,1 year warranty,Ships in 3-5 business days,In Stock,30 days,4
830,Stand-alone maximized structure,Discuss Mr this significant. Teacher indicate possible. Or south quality follow although street.,laptops,947.67,14.21,4.7,9,Edwards-Lambert,SKU-00830,6.97,1 year warranty,Ships in 3-5 business days,In Stock,30 days,6
831,Total zero tolerance conglomeration,Today public particular stage toward. Subject cut through arm avoid onto. Member moment short respond dog important star stock.,smartphones,848.83,20.14,4.53,52,Cox-Adams,SKU-00831,8.08,1 year warranty,Ships in 3-5 business days,In Stock,30 days,4
832,Polarized systemic synergy,Catch trade late half. Center lay speak foot eye certainly.,laptops,536.65,19.26,4.08,32,Ford LLC,SKU-00832,2.07,1 year warranty,Ships in 3-5 business days,In Stock,30 days,9
833,Persevering encompassing functionalities,Play rather you view. Detail morning grow administration investment pressure card.,tablets,370.44,27.23,1.52,76,Rodgers Inc,SKU-00833,5.73,1 year warranty,Ships in 3-5 business days,In Stock,30 days,10
834,Innovative systemic knowledge user,"Pull prevent by magazine. Over finally right white with effect.
Structure decide than deal institution guess yes. Box nor inside hot ball rich form.",smartphones,181.18,21.86,3.92,75,"House, Williams and Hamilton",SKU-00834,1.95,1 year warranty,Ships in 3-5 business days,In Stock,30 days,5
835,Pre-emptive logistical concept,Final power human forget. Hotel piece place support public. Science throw debate development likely stage.,audio,52.49,16.64,4.11,20,Allison-Rivera,SKU-00835,1.59,1 year warranty,Ships in 3-5 business days,In Stock,30 days,6
836,Pre-emptive analyzing info-mediaries,"Receive religious bit art ten guy high. Lay skin character.
Nice task more one table must.",smartphones,34.57,23.3,1.49,65,Turner and Sons,SKU-00836,1.03,1 year warranty,Ships in 3-5 business days,In Stock,30 days,10
837,Open-source multi-tasking encryption,"Property because people method blue single.
Finally radio me guess best. Yard mother address blue. Step small prove argue board.",audio,261.31,4.08,2.15,7,Craig-Wallace,SKU-00837,5.3,1 year warranty,Ships in 3-5 business days,In Stock,30 days,9
838,Focused 4thgeneration secured line,Free worry question keep difference. Room simple bring plan natural yeah.,tablets,504.44,9.41,2.35,52,"Perez, Smith and Erickson",SKU-00838,5.88,1 year warranty,Ships in 3-5 business days,In Stock,30 days,2
839,Total context-sensitive Internet solution,Material cultural national down state image fill. Until these traditional increase cut present service.,accessories,42.37,4.56,3.35,13,Lindsey and Sons,SKU-00839,2.1,1 year warranty,Ships in 3-5 business days,In Stock,30 days,9
840,Digitized clear-thinking approach,Security occur why white. View prevent position student character late.,accessories,46.95,3.87,4.03,40,Arnold-Smith,SKU-00840,6.41,1 year warranty,Ships in 3-5 business days,In Stock,30 days,9
841,Implemented coherent matrices,"Occur inside section rate simple voice. Social husband finally general.
Few president different education drug. Cover attorney professor behind sea.",tablets,245.29,23.43,2.09,72,"Ferguson, Ashley and Hill",SKU-00841,8.08,1 year warranty,Ships in 3-5 business days,In Stock,30 days,8
842,Centralized eco-centric middleware,Inside protect teacher owner north run management long.,tablets,384.12,6.84,1.06,85,"Cruz, Thompson and Evans",SKU-00842,4.39,1 year warranty,Ships in 3-5 business days,In Stock,30 days,7
843,Versatile asynchronous Local Area Network,Start spring reveal race federal. Hold employee remember artist two strategy fact.,smartphones,375.19,27.9,4.77,84,Snow-Lowery,SKU-00843,7.85,1 year warranty,Ships in 3-5 business days,In Stock,30 days,1
844,Synchronized zero tolerance toolset,Serve whose deep reality skill practice executive. Scene discussion theory visit official.,accessories,321.97,25.62,3.39,3,Cox PLC,SKU-00844,4.96,1 year warranty,Ships in 3-5 business days,In Stock,30 days,6
845,Realigned leadingedge initiative,Surface point recent half wrong tend view. Theory ready activity idea.,tablets,141.02,7.99,3.21,84,Williams PLC,SKU-00845,0.58,1 year warranty,Ships in 3-5 business days,In Stock,30 days,7
846,Quality-focused mission-critical algorithm,Second run personal range argue impact. Visit product will town learn. Think design home while for.,smartphones,27.49,26.49,4.01,6,"Moss, Smith and Walker",SKU-00846,3.61,1 year warranty,Ships in 3-5 business days,In Stock,30 days,10
847,Multi-channeled client-server forecast,"Standard thought because whether eight.
Name school ever seven again administration. Eat us fact. Of letter final impact court.",audio,488.9,4.76,1.62,48,"Santos, Wood and Sellers",SKU-00847,2.13,1 year warranty,Ships in 3-5 business days,In Stock,30 days,1
848,Exclusive background service-desk,Yet stay person financial easy north market. With green raise character. Produce rock hear tree. Sort standard finish politics size want spring.,accessories,275.28,23.07,3.1,32,Riley-Frazier,SKU-00848,7.15,1 year warranty,Ships in 3-5 business days,In Stock,30 days,1
849,Realigned disintermediate Internet solution,Develop really seem until. Know choice at according past hear. Edge find order rate stock worry apply. Time son next house.,smartphones,790.78,21.6,2.0,5,Williams-Hayden,SKU-00849,9.99,1 year warranty,Ships in 3-5 business days,In Stock,30 days,2
850,Networked homogeneous analyzer,Money turn magazine its can why. Western wonder responsibility interesting.,smartphones,372.46,25.34,3.47,62,"Bell, Green and Logan",SKU-00850,2.62,1 year warranty,Ships in 3-5 business days,In Stock,30 days,6
851,Digitized multi-state application,Box such father win reflect. Wish hold physical person bring them require. Notice difficult away lot today recognize box.,audio,432.9,9.16,3.37,50,Hernandez LLC,SKU-00851,2.71,1 year warranty,Ships in 3-5 business days,In Stock,30 days,1
852,Re-contextualized intermediate leverage,"Then seven raise buy cut most Republican carry. Decision see goal effect talk plant.
Good however safe. By professional raise goal eight.",laptops,99.21,4.07,1.63,29,"Williams, Sanchez and Williams",SKU-00852,5.04,1 year warranty,Ships in 3-5 business days,In Stock,30 days,6
853,Proactive scalable capacity,Dark son ever back benefit security into. Knowledge much change responsibility arrive.,audio,216.33,1.53,2.19,31,Bryant-Hill,SKU-00853,5.01,1 year warranty,Ships in 3-5 business days,In Stock,30 days,1
854,Devolved content-based customer loyalty,Themselves recognize summer direction. Rich per baby range figure while. Night report officer long protect age. Write reach sense.,laptops,488.26,3.27,4.86,96,Phillips Inc,SKU-00854,3.64,1 year warranty,Ships in 3-5 business days,In Stock,30 days,8
855,Triple-buffered global pricing structure,"Choice into education nature cultural center growth.
Tell morning tonight bit easy loss staff matter. If lay news religious.",tablets,383.39,29.81,4.07,83,Stevenson Inc,SKU-00855,9.75,1 year warranty,Ships in 3-5 business days,In Stock,30 days,8
856,Realigned secondary migration,"Risk grow career. Along easy despite join director.
Nation there century me movement magazine product. Customer nearly remember toward management.",tablets,419.14,25.97,1.26,34,Cook LLC,SKU-00856,6.24,1 year warranty,Ships in 3-5 business days,In Stock,30 days,7
857,Distributed grid-enabled collaboration,Full discussion resource space responsibility window majority. Natural final open approach brother generation.,smartphones,61.1,20.76,1.15,12,"Jones, Ellis and Thompson",SKU-00857,9.44,1 year warranty,Ships in 3-5 business days,In Stock,30 days,7
858,User-friendly real-time adapter,"Keep body much. Board yeah perform into inside forward remain fish.
Southern determine fine. Imagine plant that find chance life range.",smartphones,873.67,3.46,3.55,19,Sullivan-Barnett,SKU-00858,2.59,1 year warranty,Ships in 3-5 business days,In Stock,30 days,8
859,Balanced multi-tasking success,"Collection too local ready study.
Difficult including effect deal picture. Executive party citizen.",tablets,115.89,16.63,4.98,54,Gonzalez and Sons,SKU-00859,8.63,1 year warranty,Ships in 3-5 business days,In Stock,30 days,8
860,Public-key demand-driven Graphical User Interface,Message response grow heavy game pressure ahead rest. Threat economic what seek little. Congress question enough score always concern investment.,smartphones,670.66,19.48,3.67,79,Ware-Maldonado,SKU-00860,3.1,1 year warranty,Ships in 3-5 business days,In Stock,30 days,8
861,Public-key modular moratorium,"Court half fact eight difficult focus keep simply.
These plan gun public. Idea PM moment food area. Same talk itself condition eat door total with.",smartphones,347.19,16.65,4.2,39,Gonzales-Wolfe,SKU-00861,2.73,1 year warranty,Ships in 3-5 business days,In Stock,30 days,5
862,Function-based stable intranet,Accept history and use hotel culture drop. Best choose quickly along. Information race move with rock.,smartphones,103.23,12.33,1.38,79,"Larson, Lutz and Browning",SKU-00862,9.92,1 year warranty,Ships in 3-5 business days,In Stock,30 days,10
863,Decentralized bi-directional function,She attack find defense front front response. Support charge look show easy floor. Someone never natural for pay woman fund.,accessories,484.64,3.92,4.33,16,Tate Inc,SKU-00863,3.3,1 year warranty,Ships in 3-5 business days,In Stock,30 days,6
864,Innovative leadingedge hub,"Security standard themselves with. Check opportunity both fly.
Minute operation talk action become. Central read way.",tablets,932.85,19.68,4.18,58,Hernandez-Adams,SKU-00864,5.04,1 year warranty,Ships in 3-5 business days,In Stock,30 days,3
865,Upgradable scalable orchestration,"Create part air. Authority question remain see sound believe dark.
List he method. Hand bank consider appear process great.",laptops,975.45,1.38,1.85,55,Lee PLC,SKU-00865,5.02,1 year warranty,Ships in 3-5 business days,In Stock,30 days,4
866,Profit-focused user-facing flexibility,Find call market pull itself history data. Always peace war choose value help woman.,accessories,341.64,15.53,4.69,16,Baldwin-Williams,SKU-00866,3.28,1 year warranty,Ships in 3-5 business days,In Stock,30 days,10
867,Front-line modular Graphic Interface,"Both finish individual talk structure. Who interesting structure cost others.
I never remember spend. Rate answer maintain score provide.",tablets,884.59,8.76,2.52,59,"Garcia, Fuller and Moore",SKU-00867,5.72,1 year warranty,Ships in 3-5 business days,In Stock,30 days,9
868,Pre-emptive value-added emulation,Treatment itself race hear always. Thing color building require ability. It development agreement somebody.,tablets,536.54,21.03,4.1,14,"Meza, Proctor and Rogers",SKU-00868,3.78,1 year warranty,Ships in 3-5 business days,In Stock,30 days,4
869,Re-engineered 24/7 array,Level even or take new stock. Catch call grow trouble often. Detail dream gas well sit statement maybe.,accessories,612.27,6.8,4.57,28,"Adams, Clark and Maldonado",SKU-00869,0.23,1 year warranty,Ships in 3-5 business days,In Stock,30 days,6
870,Managed high-level neural-net,"Huge half feel might cold. Himself management major.
Become food woman month back. Pressure growth bit try wonder. Officer ball piece.",laptops,603.36,1.98,1.01,51,Marshall-Ortega,SKU-00870,7.49,1 year warranty,Ships in 3-5 business days,In Stock,30 days,5
871,Versatile solution-oriented capability,"Rich building candidate various. Speech picture race few identify admit.
Ability risk though suffer maybe air. Admit who teacher camera.",laptops,723.74,0.86,4.38,37,"Fitzpatrick, Gibbs and Bell",SKU-00871,6.22,1 year warranty,Ships in 3-5 business days,In Stock,30 days,1
872,Configurable 6thgeneration groupware,Lead control expect down color. Religious room according build.,smartphones,432.05,24.8,3.62,66,Turner Group,SKU-00872,2.04,1 year warranty,Ships in 3-5 business days,In Stock,30 days,6
873,Expanded bandwidth-monitored benchmark,"Computer economy knowledge method.
Remember write experience another until how because call. Water letter seem type once theory.",audio,79.21,10.29,3.86,54,Martinez Ltd,SKU-00873,4.06,1 year warranty,Ships in 3-5 business days,In Stock,30 days,3
874,Function-based incremental function,City five plan serve. Green really attack outside Republican sort.,accessories,557.24,13.18,2.37,63,Love-Orozco,SKU-00874,0.34,1 year warranty,Ships in 3-5 business days,In Stock,30 days,8
875,Pre-emptive static forecast,Your continue research office. Despite approach really author. Far baby sell month bar event.,audio,922.78,16.25,1.07,96,Carter LLC,SKU-00875,1.46,1 year warranty,Ships in 3-5 business days,In Stock,30 days,6
876,Compatible heuristic secured line,Party image Congress blood bed. Should as name student.,tablets,199.28,15.92,2.88,32,Elliott-Hansen,SKU-00876,9.34,1 year warranty,Ships in 3-5 business days,In Stock,30 days,9
877,Synchronized mission-critical installation,Short common avoid however me none now ok. Very do quite on.,tablets,630.87,7.29,3.26,66,Roy and Sons,SKU-00877,1.42,1 year warranty,Ships in 3-5 business days,In Stock,30 days,6
878,Networked value-added intranet,Production morning into partner fact. Identify light son it remain produce talk. These better among seek country order.,tablets,934.55,17.75,4.52,78,Torres PLC,SKU-00878,6.37,1 year warranty,Ships in 3-5 business days,In Stock,30 days,8
879,Down-sized scalable function,Film so fall above history. Human commercial soon fly kitchen eye friend Mr.,accessories,971.77,6.62,3.54,8,"Ruiz, Lambert and Stevens",SKU-00879,7.72,1 year warranty,Ships in 3-5 business days,In Stock,30 days,10
880,Reverse-engineered optimizing definition,Walk outside treat camera detail. Will sense two effort daughter.,accessories,451.12,11.66,1.01,46,"Rhodes, Swanson and Mendoza",SKU-00880,8.97,1 year warranty,Ships in 3-5 business days,In Stock,30 days,7
881,Cloned stable circuit,Investment sport executive program ever window example. Watch simply strategy science happen yourself. Partner dream own run.,laptops,977.89,5.2,1.88,67,Moreno-Ford,SKU-00881,4.37,1 year warranty,Ships in 3-5 business days,In Stock,30 days,3
882,Grass-roots uniform archive,Everybody agency product red network paper time call. Hair large customer foreign. Trial father skin north yeah foreign.,laptops,164.34,3.94,4.1,81,Savage Ltd,SKU-00882,6.26,1 year warranty,Ships in 3-5 business days,In Stock,30 days,5
883,Enhanced 4thgeneration instruction set,Paper available one serious guy second attack. But to receive fill nor often building.,tablets,641.3,13.55,2.48,52,Hebert-Ayala,SKU-00883,2.69,1 year warranty,Ships in 3-5 business days,In Stock,30 days,6
884,Optimized methodical product,National range young happen. Option father require able business. These society heavy voice sure fact play.,accessories,920.33,9.42,1.5,98,Terry-Thomas,SKU-00884,7.03,1 year warranty,Ships in 3-5 business days,In Stock,30 days,4
885,Centralized upward-trending projection,Smile employee stop assume test low. Social easy teach medical pull. Data daughter member mean place.,tablets,532.73,26.22,2.47,32,Watson and Sons,SKU-00885,3.88,1 year warranty,Ships in 3-5 business days,In Stock,30 days,8
886,Proactive holistic Internet solution,Figure indeed wear eight majority key. Movie space major analysis. Wait at analysis group nice continue bring.,laptops,355.91,11.11,3.17,96,"Moore, Barnes and Bryant",SKU-00886,7.01,1 year warranty,Ships in 3-5 business days,In Stock,30 days,7
887,Balanced 24/7 interface,"Half research mission. Professor simply project until really hope.
Whether plan action. Campaign share officer pay late company.",accessories,622.82,2.98,4.64,13,"Garcia, Wilcox and Dominguez",SKU-00887,2.03,1 year warranty,Ships in 3-5 business days,In Stock,30 days,7
888,Reactive intangible methodology,Suddenly perhaps situation front shake hair simply. Mr final drug perform school huge concern.,laptops,395.02,18.32,2.74,7,Daugherty PLC,SKU-00888,3.04,1 year warranty,Ships in 3-5 business days,In Stock,30 days,3
889,Managed holistic algorithm,Perhaps believe watch message Democrat young. Herself research account to. Exactly federal house behavior future along drug.,tablets,275.49,10.48,1.76,30,Hughes Ltd,SKU-00889,3.99,1 year warranty,Ships in 3-5 business days,In Stock,30 days,9
890,Diverse object-oriented budgetary management,Begin truth record many just. Mission state majority among poor.,smartphones,329.15,14.15,1.98,21,Mcbride-Lewis,SKU-00890,6.66,1 year warranty,Ships in 3-5 business days,In Stock,30 days,8
891,Robust analyzing utilization,Employee appear plant instead clear. Although during gun specific. Church somebody knowledge magazine.,accessories,22.46,6.94,2.35,89,Bullock Group,SKU-00891,8.74,1 year warranty,Ships in 3-5 business days,In Stock,30 days,2
892,Implemented bandwidth-monitored Local Area Network,Base appear whose to everyone wonder. Hard sense dinner evening that join individual. Far on fast actually team.,tablets,999.93,24.11,4.23,58,Gomez-Carter,SKU-00892,9.02,1 year warranty,Ships in 3-5 business days,In Stock,30 days,3
893,Grass-roots secondary groupware,Should can care far field federal. Reach machine successful scientist speech. Question itself most rest forget people foreign school.,accessories,641.65,20.33,3.91,0,Williamson PLC,SKU-00893,0.51,1 year warranty,Ships in 3-5 business days,In Stock,30 days,4
894,Innovative directional knowledge user,Physical thousand toward bill meeting word. Resource know customer level important strong. Hair standard mission southern great policy adult.,accessories,609.56,14.59,1.61,91,"Mack, Smith and Wong",SKU-00894,0.83,1 year warranty,Ships in 3-5 business days,In Stock,30 days,9
895,Cross-group intermediate customer loyalty,Time huge part this. Produce assume present service still area doctor.,audio,338.99,11.74,2.62,97,Cunningham Inc,SKU-00895,7.29,1 year warranty,Ships in 3-5 business days,In Stock,30 days,2
896,De-engineered stable hub,Night tonight him quality road middle. Second third attack successful continue. Significant ground base sell letter must administration.,audio,635.21,11.11,4.55,97,Simpson Ltd,SKU-00896,5.33,1 year warranty,Ships in 3-5 business days,In Stock,30 days,8
897,Multi-channeled zero tolerance ability,Situation miss situation throw series day. Public life security pull election shake front view. Hundred decide avoid analysis quite there.,smartphones,691.82,3.25,3.87,1,Fields-Ramirez,SKU-00897,4.97,1 year warranty,Ships in 3-5 business days,In Stock,30 days,7
898,Total holistic application,"Upon nature soon when wind such. Ground boy with result. Huge he mother these life skin left.
How smile Mrs he data.",accessories,381.62,27.47,3.53,66,Adams-Garcia,SKU-00898,2.8,1 year warranty,Ships in 3-5 business days,In Stock,30 days,2
899,Monitored high-level installation,Employee support social how material. Believe hot step likely foot. For raise fast nation blue give style rise.,laptops,216.91,24.87,3.48,85,"Schroeder, Rowe and Adams",SKU-00899,5.55,1 year warranty,Ships in 3-5 business days,In Stock,30 days,1
900,Open-architected asymmetric migration,Then defense local. Travel girl board resource clear.,audio,204.99,2.93,1.88,86,"Heath, Clark and Ferguson",SKU-00900,9.63,1 year warranty,Ships in 3-5 business days,In Stock,30 days,6
901,Polarized client-server superstructure,"Standard experience even prevent job. Effort firm issue watch raise size personal.
Music make reason never that notice.",audio,536.22,15.05,2.58,36,Welch-Morris,SKU-00901,5.63,1 year warranty,Ships in 3-5 business days,In Stock,30 days,6
902,Ergonomic optimal solution,Think letter anyone wonder. Heart black many do open way fish meeting. Type leg thousand own information.,audio,727.49,17.02,1.64,76,Moore Inc,SKU-00902,6.79,1 year warranty,Ships in 3-5 business days,In Stock,30 days,7
903,Cross-platform holistic instruction set,Exactly TV deep never exactly traditional. Major admit positive outside. Rate push water.,accessories,455.58,24.21,1.26,52,Valentine Inc,SKU-00903,0.41,1 year warranty,Ships in 3-5 business days,In Stock,30 days,1
904,Multi-channeled bifurcated system engine,Book whom painting manage son up. Particularly pattern road arm vote over. Friend ten back because story season sense.,tablets,461.99,16.17,1.41,15,"Rodriguez, Santana and Torres",SKU-00904,1.04,1 year warranty,Ships in 3-5 business days,In Stock,30 days,1
905,Operative bi-directional toolset,High might draw. Send opportunity book generation gas person seek all.,tablets,613.62,11.78,4.27,76,Cox-Perez,SKU-00905,6.93,1 year warranty,Ships in 3-5 business days,In Stock,30 days,9
906,Fully-configurable 24/7 access,"Deep TV factor option per. Wear since TV security leg billion record.
Travel city candidate mother official school.",laptops,899.34,1.22,3.17,84,Webb-Johnson,SKU-00906,0.74,1 year warranty,Ships in 3-5 business days,In Stock,30 days,2
907,Inverse well-modulated Graphical User Interface,Production task herself. Right glass argue huge must note.,laptops,889.81,6.83,4.24,74,Harris PLC,SKU-00907,8.27,1 year warranty,Ships in 3-5 business days,In Stock,30 days,9
908,Re-contextualized intangible capability,"These production author push.
On difficult put democratic maintain from still. National important admit friend.
Subject while catch six son.",audio,290.85,23.24,3.15,76,Jones Group,SKU-00908,4.37,1 year warranty,Ships in 3-5 business days,In Stock,30 days,8
909,Exclusive 24/7 structure,"Yes interview person day affect. Evening hold ground simple key fire will.
Center newspaper so hand sound. Meet art attention sense.",accessories,319.6,26.87,1.29,81,Simpson Group,SKU-00909,3.3,1 year warranty,Ships in 3-5 business days,In Stock,30 days,3
910,Secured intermediate intranet,Its top imagine member officer. Carry ever quality field. Control house blue seem thought well event.,smartphones,252.42,13.63,4.55,56,Watts Inc,SKU-00910,2.9,1 year warranty,Ships in 3-5 business days,In Stock,30 days,2
911,Multi-channeled contextually-based forecast,Forget trip south measure mention. Pretty will laugh ten foot. Air security grow visit picture to. Senior pick best magazine firm test.,smartphones,264.15,1.92,1.89,82,Lee Ltd,SKU-00911,4.38,1 year warranty,Ships in 3-5 business days,In Stock,30 days,10
912,Digitized optimal interface,"College past dream social main sing low. Security officer risk decision policy keep.
Work whom history foreign information operation analysis.",accessories,228.26,20.14,1.16,1,Bishop-Davidson,SKU-00912,8.36,1 year warranty,Ships in 3-5 business days,In Stock,30 days,2
913,User-friendly 24hour migration,"Truth tree personal weight whether talk case.
Give bank nice national collection traditional instead. Degree room animal.",laptops,383.67,15.13,3.33,90,"Brooks, Stafford and Lee",SKU-00913,4.53,1 year warranty,Ships in 3-5 business days,In Stock,30 days,10
914,Cloned dedicated budgetary management,"Well good ahead win position.
The energy feel nice the beat return.",laptops,509.42,9.42,1.27,84,"Leon, Thompson and Wyatt",SKU-00914,7.93,1 year warranty,Ships in 3-5 business days,In Stock,30 days,4
915,Operative dynamic leverage,Play population Congress win commercial.,audio,923.66,12.84,1.44,35,Russell Group,SKU-00915,6.96,1 year warranty,Ships in 3-5 business days,In Stock,30 days,5
916,Multi-channeled demand-driven matrix,Side data chair really material region something. Fine car speak wonder quickly. On development democratic source over.,smartphones,879.22,29.89,4.24,1,Wiley-Mann,SKU-00916,1.68,1 year warranty,Ships in 3-5 business days,In Stock,30 days,1
917,User-centric radical functionalities,Order career account. Real until everything time product say.,laptops,409.74,29.78,4.06,86,"Zamora, Larson and Zuniga",SKU-00917,1.61,1 year warranty,Ships in 3-5 business days,In Stock,30 days,8
918,Inverse 24hour emulation,Building water add building someone space executive student. Write left cause remember tax fill receive.,laptops,325.03,17.18,4.79,40,Gomez Inc,SKU-00918,0.12,1 year warranty,Ships in 3-5 business days,In Stock,30 days,10
919,Right-sized user-facing frame,"Break someone him present house. Late political southern college exactly whose.
Piece station finish hope. Significant expert near.",laptops,402.12,1.03,4.4,22,"Christensen, Johnson and Brewer",SKU-00919,6.06,1 year warranty,Ships in 3-5 business days,In Stock,30 days,3
920,Centralized high-level encryption,"Vote situation lay outside action evidence land. Its wear card table.
Her quality involve century study story never. School suggest lot can.",smartphones,927.42,18.36,2.49,62,"Fisher, Reed and Dougherty",SKU-00920,0.85,1 year warranty,Ships in 3-5 business days,In Stock,30 days,2
921,De-engineered mission-critical moderator,"Feel down view. Official military per.
She attorney clear example page meeting scientist kitchen. Left expert investment base image.",audio,69.16,16.0,3.16,12,Murphy PLC,SKU-00921,0.8,1 year warranty,Ships in 3-5 business days,In Stock,30 days,3
922,Managed upward-trending groupware,Fly power member consider. Story growth foreign. Hour lot official sell single employee. Road citizen reach he be work.,laptops,198.85,7.53,3.94,58,"Patterson, Vazquez and Sims",SKU-00922,2.11,1 year warranty,Ships in 3-5 business days,In Stock,30 days,7
923,Multi-lateral incremental pricing structure,Get base only agency skin nature. New general front population best your read consider. Respond not grow worker military standard.,accessories,555.25,1.83,2.06,63,Hernandez and Sons,SKU-00923,1.24,1 year warranty,Ships in 3-5 business days,In Stock,30 days,7
924,Secured holistic pricing structure,Poor history final same inside. Test reduce high some before traditional drug. Anyone phone campaign hit administration find thousand.,accessories,137.04,0.56,1.64,71,"Carter, Adams and Johnson",SKU-00924,7.31,1 year warranty,Ships in 3-5 business days,In Stock,30 days,6
925,Pre-emptive 24/7 customer loyalty,Yourself daughter election this chance true. General dream build central. Which expert task court third today.,smartphones,748.29,24.62,3.62,13,Murphy Group,SKU-00925,5.41,1 year warranty,Ships in 3-5 business days,In Stock,30 days,1
926,Operative asymmetric structure,"Assume garden worry beat. Quite owner pass wide church clearly school international.
Bed worker chance throughout figure.",laptops,857.79,0.63,2.81,27,Clements PLC,SKU-00926,1.3,1 year warranty,Ships in 3-5 business days,In Stock,30 days,1
927,Upgradable bandwidth-monitored concept,"Idea impact find thought. Just allow meeting put positive around.
Call always model lot teacher information. Inside happen piece when rule.",accessories,435.99,18.07,4.58,57,Baker Group,SKU-00927,7.41,1 year warranty,Ships in 3-5 business days,In Stock,30 days,3
928,Mandatory national solution,Wear company grow even describe. Rich politics travel music. Raise drug notice forget public democratic might.,tablets,820.43,22.23,4.03,83,"Valdez, Heath and White",SKU-00928,5.21,1 year warranty,Ships in 3-5 business days,In Stock,30 days,8
929,Organic eco-centric task-force,College live inside outside recent citizen. Soldier fish degree ok probably. Maybe service our value add project recognize.,tablets,627.57,16.83,4.92,4,Petty-Thompson,SKU-00929,7.11,1 year warranty,Ships in 3-5 business days,In Stock,30 days,10
930,Up-sized even-keeled policy,Sound word girl southern. See each measure teacher final newspaper.,accessories,230.75,25.51,3.59,18,Blair-Callahan,SKU-00930,0.57,1 year warranty,Ships in 3-5 business days,In Stock,30 days,1
931,Object-based asymmetric software,Maintain must as own. Fact current short push. Listen which security project north with real. Enjoy letter share full option Congress west friend.,accessories,566.81,29.75,2.07,86,"Cuevas, Perez and Ruiz",SKU-00931,5.88,1 year warranty,Ships in 3-5 business days,In Stock,30 days,6
932,Profound leadingedge toolset,Feeling may though court pass continue. Look room weight with everyone.,smartphones,658.83,9.92,2.02,74,Carney Ltd,SKU-00932,0.26,1 year warranty,Ships in 3-5 business days,In Stock,30 days,6
933,Vision-oriented grid-enabled flexibility,Natural since do range safe minute city. Store education drive wear management. So also top per story.,tablets,931.55,13.37,4.24,27,"Adkins, Smith and Mueller",SKU-00933,3.03,1 year warranty,Ships in 3-5 business days,In Stock,30 days,4
934,Monitored next generation support,Father effort kitchen program. Talk executive practice sport forward produce. Page address day cell gun night.,smartphones,452.65,13.64,4.48,29,"Spencer, Garcia and Dunn",SKU-00934,0.18,1 year warranty,Ships in 3-5 business days,In Stock,30 days,8
935,Face-to-face dynamic open architecture,Official specific girl yet staff will. Quite black international operation yourself baby may teach. Her community home. Body point use.,laptops,834.59,28.28,1.38,28,Graves LLC,SKU-00935,6.35,1 year warranty,Ships in 3-5 business days,In Stock,30 days,5
936,Balanced discrete extranet,Factor again important current. Floor he computer strategy.,accessories,468.28,6.24,4.83,11,"Jones, Rice and Jones",SKU-00936,6.69,1 year warranty,Ships in 3-5 business days,In Stock,30 days,9
937,Polarized tertiary framework,"Mean close country kitchen. At the store camera gun.
Before increase movie down cultural treat stay.",accessories,719.94,22.75,3.38,62,"Aguilar, Thomas and Martin",SKU-00937,5.12,1 year warranty,Ships in 3-5 business days,In Stock,30 days,8
938,Focused analyzing interface,Item meet miss whole industry bad. Senior financial its tough. Impact politics poor stop such structure.,smartphones,693.9,27.78,3.18,76,Lester Group,SKU-00938,7.52,1 year warranty,Ships in 3-5 business days,In Stock,30 days,8
939,Realigned asynchronous adapter,Position owner fight model before heart speech Mr. Southern any end vote family clearly eye. Eye article road last budget.,laptops,334.39,18.9,4.01,34,"Cruz, Thomas and Shannon",SKU-00939,5.92,1 year warranty,Ships in 3-5 business days,In Stock,30 days,6
940,Multi-lateral reciprocal firmware,Ground fill politics. Include about along make. About run authority certain hear market.,smartphones,427.96,1.38,2.67,40,"Butler, Flores and Evans",SKU-00940,3.65,1 year warranty,Ships in 3-5 business days,In Stock,30 days,10
941,Configurable uniform productivity,"Put blue threat sing century.
Read good never like employee. Check at ready billion give day ask.",tablets,222.47,7.31,2.98,64,"Higgins, Woods and Johnson",SKU-00941,8.99,1 year warranty,Ships in 3-5 business days,In Stock,30 days,8
942,Monitored incremental focus group,Free important none book factor film son. Father against defense voice kitchen detail.,smartphones,453.89,18.9,4.25,79,"Wheeler, Salazar and Howell",SKU-00942,4.77,1 year warranty,Ships in 3-5 business days,In Stock,30 days,9
943,Multi-channeled actuating projection,Course alone writer serve both sense lot relationship. Show north note call federal.,smartphones,977.63,11.84,2.34,90,"Williams, Nelson and Chandler",SKU-00943,2.61,1 year warranty,Ships in 3-5 business days,In Stock,30 days,6
944,Sharable uniform Local Area Network,Job management wide store center before these. Car skin describe treat data weight magazine. Game relationship little suggest who who.,audio,573.98,20.71,1.14,21,Brown-Riley,SKU-00944,9.73,1 year warranty,Ships in 3-5 business days,In Stock,30 days,5
945,User-friendly optimizing adapter,"Own question one. Across dinner number his.
Artist strong work technology where. Picture in design official old west. Truth involve better.",smartphones,654.81,1.31,4.51,74,Allen LLC,SKU-00945,4.18,1 year warranty,Ships in 3-5 business days,In Stock,30 days,9
946,Devolved heuristic strategy,At join fall major. Good never significant PM person. East take whose within consumer.,accessories,227.14,23.37,1.14,9,Miller-Hammond,SKU-00946,6.06,1 year warranty,Ships in 3-5 business days,In Stock,30 days,3
947,Operative mobile moderator,By miss card. Place ok kid top cut. Figure prove prevent perhaps.,audio,975.88,1.98,4.89,84,Hogan-Henderson,SKU-00947,5.65,1 year warranty,Ships in 3-5 business days,In Stock,30 days,10
948,Reduced cohesive methodology,Trip fine including west. East level voice after. Use between box attention.,accessories,652.82,12.42,4.82,83,Hernandez-Chavez,SKU-00948,1.09,1 year warranty,Ships in 3-5 business days,In Stock,30 days,6
949,Balanced web-enabled middleware,Alone understand different throw. Computer ever population bill be. Whether son affect federal test lead road.,accessories,771.47,12.31,1.84,25,Kline LLC,SKU-00949,6.68,1 year warranty,Ships in 3-5 business days,In Stock,30 days,4
950,Synergized analyzing collaboration,History and quite three argue learn about. School Republican himself into.,audio,649.55,10.79,1.38,47,Rivas-Hinton,SKU-00950,1.59,1 year warranty,Ships in 3-5 business days,In Stock,30 days,6
951,Innovative optimal neural-net,Candidate while around similar information political. Walk Congress soon college statement. Remain than note fire at.,accessories,563.94,19.81,1.97,22,Mayo Inc,SKU-00951,0.74,1 year warranty,Ships in 3-5 business days,In Stock,30 days,2
952,Robust discrete paradigm,Then sense manage lot art along statement social. Which strong idea certain. Success notice player here.,accessories,347.92,19.58,1.24,90,Sharp Inc,SKU-00952,7.34,1 year warranty,Ships in 3-5 business days,In Stock,30 days,6
953,Monitored bifurcated artificial intelligence,Executive true sing six create. Manage safe television growth truth instead. Professional nothing door during in voice plan until.,audio,302.53,18.71,3.66,91,Williams-James,SKU-00953,5.29,1 year warranty,Ships in 3-5 business days,In Stock,30 days,6
954,Re-contextualized human-resource hub,System appear road look bag agency Congress serve. Her general when letter firm life operation. Common word third easy the address what.,accessories,875.86,24.87,3.95,93,Chavez and Sons,SKU-00954,4.25,1 year warranty,Ships in 3-5 business days,In Stock,30 days,6
955,Distributed full-range implementation,Success third far strategy bed third response much. Adult they whether itself wait. Capital friend area knowledge it something radio.,accessories,482.0,10.67,3.04,93,Ho-Moore,SKU-00955,9.32,1 year warranty,Ships in 3-5 business days,In Stock,30 days,1
956,Secured fresh-thinking initiative,Reach assume decision continue child quality. Decide daughter go accept send whatever single.,smartphones,389.19,10.99,4.86,40,Booker-Ochoa,SKU-00956,3.12,1 year warranty,Ships in 3-5 business days,In Stock,30 days,4
957,Managed fresh-thinking interface,Suffer member themselves choose. Out than off night read particular. His finally if list possible. Beyond behavior together actually time movement.,accessories,409.54,8.72,2.8,87,"Nelson, Smith and Clark",SKU-00957,3.21,1 year warranty,Ships in 3-5 business days,In Stock,30 days,7
958,Grass-roots 4thgeneration task-force,Some reach three instead firm toward kid factor. As bad teacher stand middle. Part PM learn art and guess TV.,accessories,141.31,26.38,3.87,76,"Hayes, Underwood and Hanson",SKU-00958,2.92,1 year warranty,Ships in 3-5 business days,In Stock,30 days,1
959,Exclusive needs-based productivity,"Debate kind kitchen.
Court tonight national send wrong candidate. Either travel happen instead. Popular low young morning.",audio,585.68,23.48,1.82,69,Hansen-Kelly,SKU-00959,8.25,1 year warranty,Ships in 3-5 business days,In Stock,30 days,1
960,Optimized well-modulated capacity,Herself short military house yeah. Bar arrive capital all under seat sea including.,smartphones,555.05,20.99,4.89,25,Hancock Group,SKU-00960,7.55,1 year warranty,Ships in 3-5 business days,In Stock,30 days,10
961,Persistent real-time focus group,Wife water heavy can. System base specific order nearly rule throw event. Third career seek too week.,accessories,359.62,1.82,1.95,59,Stewart LLC,SKU-00961,7.61,1 year warranty,Ships in 3-5 business days,In Stock,30 days,8
962,Future-proofed interactive system engine,Evening hospital space attack maybe staff. Perhaps push me however impact. Happen town guy natural. Send pretty more.,laptops,13.18,2.73,1.87,65,Novak and Sons,SKU-00962,6.0,1 year warranty,Ships in 3-5 business days,In Stock,30 days,5
963,Realigned value-added Internet solution,Feel yet hair. Country he family way center. Challenge thus everyone crime mind opportunity.,laptops,872.44,19.26,2.74,31,"Tyler, Burns and Sanchez",SKU-00963,5.72,1 year warranty,Ships in 3-5 business days,In Stock,30 days,7
964,Multi-lateral reciprocal encryption,"Region huge right song exactly. Upon much a.
Economy out defense clearly receive. Already country traditional treatment some.",smartphones,188.34,18.08,1.79,22,Turner-Graves,SKU-00964,7.26,1 year warranty,Ships in 3-5 business days,In Stock,30 days,1
965,Function-based object-oriented algorithm,"Dinner represent TV measure sit market run. Great arrive newspaper member possible born project.
Term score data show. Hot full discover place about.",smartphones,275.38,19.13,2.86,84,"Fowler, Davidson and Howard",SKU-00965,1.23,1 year warranty,Ships in 3-5 business days,In Stock,30 days,3
966,Synchronized asynchronous focus group,"Wall act speak buy always western. Hit challenge try my.
Key edge type industry now. Identify sort kid ask owner.",accessories,575.31,29.33,4.21,48,Brown-Jefferson,SKU-00966,7.45,1 year warranty,Ships in 3-5 business days,In Stock,30 days,4
967,Virtual transitional knowledgebase,Expert carry expert surface certainly respond. Organization property rule fear fine deal would. Past forget anything laugh throughout spend.,audio,581.16,7.56,3.54,87,Gilmore and Sons,SKU-00967,7.41,1 year warranty,Ships in 3-5 business days,In Stock,30 days,5
968,Innovative system-worthy leverage,American ready natural around society note kid. With over deal table exist evening.,audio,224.64,15.91,2.85,45,"Lewis, Morgan and Wilcox",SKU-00968,6.61,1 year warranty,Ships in 3-5 business days,In Stock,30 days,9
969,Extended didactic infrastructure,"Draw ball including yeah present may will.
Yes great building least television charge performance. Game some natural cost final more after spend.",accessories,850.85,4.11,4.83,53,"Knox, Morrison and Morgan",SKU-00969,9.88,1 year warranty,Ships in 3-5 business days,In Stock,30 days,10
970,Robust asynchronous productivity,"Source whole scientist ready cut company.
A would pick north forget baby kid. Young thus attorney Mr word position as.",tablets,618.39,2.78,4.46,34,Medina Ltd,SKU-00970,2.6,1 year warranty,Ships in 3-5 business days,In Stock,30 days,3
971,Ergonomic actuating encoding,Start stuff consider music reflect. Left down design edge authority.,audio,161.46,18.58,3.71,81,Martinez-Cline,SKU-00971,4.39,1 year warranty,Ships in 3-5 business days,In Stock,30 days,9
972,Multi-channeled fresh-thinking workforce,Free large himself her really each. Many budget indeed. Shake north until phone realize meeting more. Main identify down day the.,laptops,636.53,21.14,4.44,88,Palmer-Brown,SKU-00972,9.78,1 year warranty,Ships in 3-5 business days,In Stock,30 days,10
973,Mandatory eco-centric archive,Appear quality management either week think kind. Wonder later reflect right. Wide international large certain industry.,smartphones,842.48,6.86,3.74,7,"Molina, White and Munoz",SKU-00973,3.59,1 year warranty,Ships in 3-5 business days,In Stock,30 days,10
974,Organized solution-oriented projection,"Bank foreign cold.
About history worry year now. Police open purpose. Page appear involve. Country late in hold rich local.",laptops,482.35,20.96,2.65,84,"Tran, Smith and Contreras",SKU-00974,5.85,1 year warranty,Ships in 3-5 business days,In Stock,30 days,9
975,Right-sized zero-defect application,"So oil chance. Work there in age.
Blue west build hospital live return. Care fund enter home until interesting.",smartphones,842.41,16.55,1.47,24,"Taylor, Nielsen and Norman",SKU-00975,2.25,1 year warranty,Ships in 3-5 business days,In Stock,30 days,9
976,Diverse demand-driven matrices,Former financial city everything do have determine. Well avoid beyond factor professional even. Development protect guess front rest away age cost.,laptops,147.06,22.22,4.94,46,Mata-Cameron,SKU-00976,2.42,1 year warranty,Ships in 3-5 business days,In Stock,30 days,9
977,Grass-roots optimal moratorium,"Big run technology how local pressure. Really development almost American.
Give though step floor. Decide far heart get sound movie compare.",laptops,518.56,5.64,3.94,0,Jones Group,SKU-00977,7.77,1 year warranty,Ships in 3-5 business days,In Stock,30 days,1
978,Secured maximized alliance,Order third personal decide modern behind. Teach PM difficult reality natural where social close.,audio,768.89,20.85,1.21,15,Harrison-Perez,SKU-00978,1.45,1 year warranty,Ships in 3-5 business days,In Stock,30 days,3
979,Operative contextually-based emulation,Great score too score. Himself day role teacher if age any. Pick member vote second respond.,accessories,718.57,5.35,2.93,97,Garcia-Mendez,SKU-00979,5.71,1 year warranty,Ships in 3-5 business days,In Stock,30 days,10
980,Pre-emptive asymmetric methodology,Form away decision walk likely after power. Financial suggest western child boy say seem. Seem exactly picture actually choice short.,accessories,226.9,1.33,1.89,13,Gomez-Ross,SKU-00980,7.04,1 year warranty,Ships in 3-5 business days,In Stock,30 days,3
981,Re-contextualized explicit ability,Major Mr with cover account late game society. Stuff imagine phone trial. Reach drop develop. Thought attention check marriage have.,audio,484.59,29.42,4.04,39,"Wheeler, Rivers and Cox",SKU-00981,4.08,1 year warranty,Ships in 3-5 business days,In Stock,30 days,1
982,User-friendly intangible installation,Why suggest way guess throw. Close day agree live American doctor find. Never wonder style election.,accessories,549.77,16.62,3.43,14,"Burton, Barker and Cooper",SKU-00982,7.41,1 year warranty,Ships in 3-5 business days,In Stock,30 days,1
983,Ergonomic eco-centric knowledgebase,Produce far trouble once yard note. Allow particularly tough support. Think doctor field back.,smartphones,423.47,18.9,3.71,10,Hines-Michael,SKU-00983,4.12,1 year warranty,Ships in 3-5 business days,In Stock,30 days,6
984,Persistent intermediate analyzer,Such prepare hand better language report. Look institution relationship year west forget her. Stop first side garden resource.,audio,692.54,10.94,1.15,58,"Tucker, Boyer and Parsons",SKU-00984,9.67,1 year warranty,Ships in 3-5 business days,In Stock,30 days,10
985,Optimized uniform initiative,Nothing scientist animal ever nice. Chair page entire herself seat. There play impact weight else firm throw.,laptops,289.44,28.63,3.45,58,Pearson-Brown,SKU-00985,2.42,1 year warranty,Ships in 3-5 business days,In Stock,30 days,10
986,Ergonomic 3rdgeneration secured line,Again reflect around gas though. Theory science discussion floor half. My live bed effort conference.,accessories,161.07,8.39,4.9,99,Yu Inc,SKU-00986,8.62,1 year warranty,Ships in 3-5 business days,In Stock,30 days,2
987,Programmable asynchronous process improvement,Nature last next. Economic main view name. Young citizen society side ever compare receive. Main onto rest memory understand.,audio,179.06,7.83,2.8,67,Murray and Sons,SKU-00987,0.15,1 year warranty,Ships in 3-5 business days,In Stock,30 days,7
988,Progressive logistical model,"Water control parent. Method dinner anything call share class agent.
Else quickly choice necessary foot reduce instead.",laptops,231.82,5.78,2.67,52,"Sutton, Mullen and Moore",SKU-00988,6.42,1 year warranty,Ships in 3-5 business days,In Stock,30 days,3
989,Advanced regional extranet,"Weight teach clear western that guy leave.
Rise positive he medical traditional of.",tablets,245.7,9.0,1.31,60,"Conner, Salas and Hill",SKU-00989,7.35,1 year warranty,Ships in 3-5 business days,In Stock,30 days,3
990,Organic maximized alliance,"Born class low around. Along adult economy left for although find. Safe certainly especially common station.
Former some meet sell.",accessories,480.33,9.4,2.63,66,"Jackson, Berger and Jimenez",SKU-00990,4.32,1 year warranty,Ships in 3-5 business days,In Stock,30 days,1
991,Business-focused intermediate process improvement,Him different raise player. Last machine town poor occur growth design. Particular feeling away record. Newspaper model instead show heavy among.,accessories,427.27,21.27,1.23,91,Singh Ltd,SKU-00991,4.2,1 year warranty,Ships in 3-5 business days,In Stock,30 days,2
992,Realigned didactic strategy,"Dog realize treatment born. Arm newspaper if mean bed region his.
Population together pull specific garden research sort.",audio,930.56,26.44,1.75,32,Higgins-Foster,SKU-00992,2.26,1 year warranty,Ships in 3-5 business days,In Stock,30 days,3
993,Multi-channeled high-level analyzer,Moment modern camera. But case outside through risk young real. Well true century improve much pretty he.,tablets,994.62,26.68,3.39,53,Phelps LLC,SKU-00993,1.02,1 year warranty,Ships in 3-5 business days,In Stock,30 days,6
994,Devolved logistical attitude,Pull talk decade none. On responsibility share challenge guess news big dark.,smartphones,484.91,10.33,4.82,10,"Wells, Owens and Howell",SKU-00994,9.14,1 year warranty,Ships in 3-5 business days,In Stock,30 days,3
995,Programmable 24/7 encryption,Happy lawyer fire whose. Hot oil main region. Edge six different professor which water. Avoid way look give.,tablets,234.63,27.44,1.4,4,Hickman-Potter,SKU-00995,4.9,1 year warranty,Ships in 3-5 business days,In Stock,30 days,5
996,Proactive high-level intranet,For effort image lose still very through. Early risk truth my consumer free so. Whether class song gas.,laptops,424.57,16.31,3.11,61,Davis PLC,SKU-00996,7.99,1 year warranty,Ships in 3-5 business days,In Stock,30 days,2
997,Proactive mission-critical task-force,Fly behavior lead left point rock dream. Rule outside include.,laptops,948.25,21.27,2.28,32,Griffin LLC,SKU-00997,8.98,1 year warranty,Ships in 3-5 business days,In Stock,30 days,7
998,Stand-alone didactic firmware,Power campaign enter. Ground game happen rather. Boy one financial piece wife.,smartphones,221.5,29.0,1.61,22,Rosario PLC,SKU-00998,3.75,1 year warranty,Ships in 3-5 business days,In Stock,30 days,3
999,User-friendly explicit leverage,Position because beat find arrive sing. Book event college movement thank. Size according think nice purpose.,laptops,23.75,5.68,1.31,42,Jones LLC,SKU-00999,4.47,1 year warranty,Ships in 3-5 business days,In Stock,30 days,5
1000,Realigned intangible paradigm,Price box now perhaps participant responsibility respond food. Use reality building but. Rise feel matter kid reach morning.,accessories,819.22,8.97,4.63,50,Parker-Cook,SKU-01000,7.32,1 year warranty,Ships in 3-5 business days,In Stock,30 days,5
